Time,Anomaly (deg C),Lower confidence limit (2.5%),Upper confidence limit (97.5%)
1850-01,-0.67456436,-0.98177195,-0.3673568
1850-02,-0.333416,-0.700901,0.034069024
1850-03,-0.59132266,-0.9339191,-0.2487262
1850-04,-0.58872116,-0.8982594,-0.27918297
1850-05,-0.50881654,-0.7617286,-0.2559045
1850-06,-0.34424013,-0.60947233,-0.079007894
1850-07,-0.15979019,-0.39714956,0.07756917
1850-08,-0.2076543,-0.4648224,0.04951382
1850-09,-0.3847069,-0.6477238,-0.121690065
1850-10,-0.53312653,-0.78265744,-0.28359562
1850-11,-0.2825075,-0.54502493,-0.01999013
1850-12,-0.40367043,-0.6826584,-0.12468251
1851-01,-0.20073938,-0.51260436,0.11112556
1851-02,-0.46933234,-0.8057982,-0.13286653
1851-03,-0.6460531,-0.95056796,-0.34153816
1851-04,-0.5421326,-0.8318831,-0.25238213
1851-05,-0.19762275,-0.47129744,0.07605195
1851-06,-0.13670355,-0.41463488,0.1412278
1851-07,-0.0968156,-0.3358151,0.1421839
1851-08,-0.10175375,-0.36319193,0.15968445
1851-09,-0.091244884,-0.36001372,0.17752396
1851-10,-0.00836263,-0.26999545,0.2532702
1851-11,-0.08189084,-0.38667485,0.22289316
1851-12,-0.22754622,-0.551656,0.09656359
1852-01,-0.37509567,-0.6837687,-0.06642263
1852-02,-0.47672674,-0.82690173,-0.12655175
1852-03,-0.5597683,-0.8769547,-0.24258201
1852-04,-0.5853704,-0.8682941,-0.30244678
1852-05,-0.12741269,-0.39380231,0.13897693
1852-06,-0.083659135,-0.33952817,0.17220989
1852-07,0.005029385,-0.22846359,0.23852237
1852-08,-0.13558698,-0.39293692,0.121762976
1852-09,-0.0019016695,-0.26057866,0.25677535
1852-10,-0.172434,-0.41274902,0.06788101
1852-11,-0.3052479,-0.58084655,-0.029649276
1852-12,0.065385304,-0.21881793,0.34958854
1853-01,-0.23259853,-0.51683515,0.0516381
1853-02,-0.40372267,-0.70065147,-0.10679385
1853-03,-0.28042167,-0.5714255,0.010582115
1853-04,-0.38631994,-0.65944624,-0.11319364
1853-05,-0.2678886,-0.5075292,-0.02824804
1853-06,-0.1423762,-0.3862959,0.101543516
1853-07,-0.08344058,-0.297061,0.13017985
1853-08,-0.056647103,-0.28783756,0.17454337
1853-09,-0.2502504,-0.47014314,-0.030357674
1853-10,-0.391768,-0.6159777,-0.16755827
1853-11,-0.41142052,-0.67802095,-0.14482014
1853-12,-0.33739907,-0.6387964,-0.036001712
1854-01,-0.3813734,-0.6314074,-0.1313394
1854-02,-0.36109406,-0.6438892,-0.078298904
1854-03,-0.24269956,-0.5189016,0.033502445
1854-04,-0.3338324,-0.55951685,-0.10814798
1854-05,-0.2894821,-0.4935457,-0.08541845
1854-06,-0.29902688,-0.5297665,-0.068287276
1854-07,-0.17864197,-0.38943616,0.03215221
1854-08,-0.23944739,-0.4525426,-0.026352169
1854-09,-0.21674344,-0.42721775,-0.006269128
1854-10,-0.09526511,-0.27856913,0.08803892
1854-11,-0.41029203,-0.680082,-0.14050205
1854-12,-0.4503518,-0.72317326,-0.17753038
1855-01,-0.15919624,-0.42137975,0.102987275
1855-02,-0.31344938,-0.59707975,-0.02981898
1855-03,-0.34401497,-0.6289762,-0.059053726
1855-04,-0.21820337,-0.44758487,0.011178128
1855-05,-0.38729364,-0.6001666,-0.17442068
1855-06,-0.3329626,-0.5576329,-0.108292304
1855-07,-0.3329893,-0.53221554,-0.1337631
1855-08,-0.19952463,-0.40983552,0.010786269
1855-09,-0.27071294,-0.45980525,-0.0816206
1855-10,-0.19544719,-0.40497714,0.0140827345
1855-11,-0.38930947,-0.6501514,-0.1284676
1855-12,-0.41989732,-0.6853395,-0.15445511
1856-01,-0.075628236,-0.31484526,0.16358879
1856-02,-0.33713824,-0.60642755,-0.0678489
1856-03,-0.35769272,-0.63118136,-0.08420405
1856-04,-0.3159384,-0.531346,-0.100530796
1856-05,-0.28508008,-0.49249765,-0.07766249
1856-06,-0.21416615,-0.4383176,0.009985293
1856-07,-0.22469248,-0.42359686,-0.02578809
1856-08,-0.23770598,-0.45777294,-0.01763901
1856-09,-0.38821492,-0.5981285,-0.17830133
1856-10,-0.4381357,-0.6417849,-0.2344865
1856-11,-0.55232793,-0.80731004,-0.29734582
1856-12,-0.4175237,-0.7001903,-0.13485713
1857-01,-0.49476224,-0.7212615,-0.26826298
1857-02,-0.43487996,-0.7002412,-0.16951871
1857-03,-0.47860673,-0.7623405,-0.19487299
1857-04,-0.6443354,-0.8869147,-0.40175614
1857-05,-0.65871185,-0.86846006,-0.4489636
1857-06,-0.30414528,-0.5227023,-0.085588254
1857-07,-0.4113695,-0.6166561,-0.2060829
1857-08,-0.36897412,-0.5925666,-0.14538166
1857-09,-0.37968943,-0.5874363,-0.17194258
1857-10,-0.47263545,-0.6786636,-0.2666073
1857-11,-0.6851335,-0.9487671,-0.42149988
1857-12,-0.27351704,-0.5484415,0.0014074869
1858-01,-0.29548538,-0.56474644,-0.026224334
1858-02,-0.47690183,-0.7623272,-0.19147645
1858-03,-0.5476575,-0.84601724,-0.24929774
1858-04,-0.42799428,-0.6573944,-0.19859417
1858-05,-0.5320951,-0.74805903,-0.31613111
1858-06,-0.37952122,-0.60970783,-0.14933462
1858-07,-0.3355508,-0.54754287,-0.12355878
1858-08,-0.27754986,-0.4933736,-0.0617261
1858-09,-0.28318587,-0.49380964,-0.07256212
1858-10,-0.2887329,-0.4937586,-0.083707206
1858-11,-0.36552474,-0.6381552,-0.09289427
1858-12,-0.4549887,-0.7361435,-0.17383386
1859-01,-0.38148466,-0.62637764,-0.1365917
1859-02,-0.34352297,-0.6039441,-0.08310183
1859-03,-0.31371728,-0.590663,-0.036771517
1859-04,-0.15715948,-0.3835844,0.06926547
1859-05,-0.15248476,-0.35800642,0.053036876
1859-06,-0.24957645,-0.46606663,-0.033086263
1859-07,-0.31209,-0.49856845,-0.12561159
1859-08,-0.24464844,-0.46309808,-0.026198825
1859-09,-0.393858,-0.5993753,-0.18834068
1859-10,-0.25472045,-0.4681661,-0.04127479
1859-11,-0.2875482,-0.54473567,-0.030360727
1859-12,-0.28437135,-0.56793344,-0.0008092772
1860-01,-0.39058298,-0.6584608,-0.12270518
1860-02,-0.4682912,-0.7842476,-0.15233481
1860-03,-0.7864609,-1.1232259,-0.44969583
1860-04,-0.30610728,-0.5380226,-0.074192025
1860-05,-0.36362675,-0.5794941,-0.14775938
1860-06,-0.21145956,-0.45290247,0.029983336
1860-07,-0.1847646,-0.40834823,0.038819034
1860-08,-0.1142386,-0.37883177,0.15035456
1860-09,-0.13131975,-0.36443615,0.10179664
1860-10,-0.3459595,-0.5577351,-0.13418393
1860-11,-0.60494,-0.8451416,-0.36473843
1860-12,-0.774231,-1.0370945,-0.51136756
1861-01,-0.91803956,-1.1972613,-0.6388177
1861-02,-0.6245886,-0.99098545,-0.25819176
1861-03,-0.41567025,-0.8173928,-0.0139476545
1861-04,-0.38623625,-0.7137754,-0.05869713
1861-05,-0.66027,-0.9762432,-0.34429675
1861-06,-0.2513623,-0.533348,0.030623484
1861-07,-0.29667267,-0.54944414,-0.043901194
1861-08,-0.041093126,-0.29339635,0.2112101
1861-09,-0.27033228,-0.5080883,-0.03257631
1861-10,-0.47664645,-0.67291355,-0.28037935
1861-11,-0.45758948,-0.70344317,-0.21173581
1861-12,-0.35085425,-0.6705306,-0.031177888
1862-01,-0.82483715,-1.1399956,-0.5096788
1862-02,-0.7155356,-1.0883836,-0.34268767
1862-03,-0.5353963,-0.9173056,-0.15348701
1862-04,-0.52208453,-0.8259743,-0.21819483
1862-05,-0.34752536,-0.6407525,-0.054298256
1862-06,-0.3066114,-0.554004,-0.05921875
1862-07,-0.3448706,-0.5859212,-0.10381997
1862-08,-0.4561808,-0.72345316,-0.18890849
1862-09,-0.3624242,-0.58751315,-0.13733529
1862-10,-0.44867027,-0.66414434,-0.23319624
1862-11,-0.6777555,-0.93400127,-0.42150965
1862-12,-0.8945406,-1.2084035,-0.58067775
1863-01,-0.07634223,-0.40096194,0.24827747
1863-02,-0.24953309,-0.66414887,0.16508271
1863-03,-0.3549987,-0.7145881,0.004590684
1863-04,-0.28827205,-0.5977736,0.021229519
1863-05,-0.38365692,-0.6663614,-0.10095246
1863-06,-0.36828673,-0.63119435,-0.10537911
1863-07,-0.3123347,-0.5947716,-0.029897762
1863-08,-0.29738235,-0.57519704,-0.019567715
1863-09,-0.35204113,-0.61949664,-0.08458564
1863-10,-0.5043272,-0.742704,-0.26595044
1863-11,-0.44055805,-0.68936455,-0.19175154
1863-12,-0.50319576,-0.817736,-0.1886555
1864-01,-0.8532364,-1.2133667,-0.493106
1864-02,-0.5934415,-1.0275025,-0.15938036
1864-03,-0.49939686,-0.8818438,-0.11694993
1864-04,-0.54358864,-0.87270206,-0.21447514
1864-05,-0.32381108,-0.63180465,-0.01581752
1864-06,-0.11254485,-0.38457897,0.15948927
1864-07,-0.25960582,-0.530554,0.011342296
1864-08,-0.3079488,-0.57993907,-0.035958502
1864-09,-0.4425317,-0.6966836,-0.18837978
1864-10,-0.6029094,-0.8257851,-0.38003364
1864-11,-0.45623875,-0.70915705,-0.20332046
1864-12,-0.5903272,-0.9233383,-0.25731608
1865-01,-0.17609702,-0.4980693,0.14587525
1865-02,-0.46668038,-0.926016,-0.0073448196
1865-03,-0.66122115,-1.0886513,-0.23379107
1865-04,-0.4481533,-0.77840537,-0.117901206
1865-05,-0.37746775,-0.67795146,-0.07698401
1865-06,-0.19515869,-0.45172042,0.061403032
1865-07,-0.2152483,-0.49115765,0.060661066
1865-08,-0.21177977,-0.47747025,0.053910702
1865-09,-0.17093047,-0.43420225,0.0923413
1865-10,-0.26942545,-0.51537,-0.023480851
1865-11,-0.33705235,-0.59656864,-0.077536084
1865-12,-0.4605614,-0.79645264,-0.124670126
1866-01,-0.1320992,-0.47347298,0.2092746
1866-02,-0.40108874,-0.778535,-0.023642521
1866-03,-0.6821522,-1.0710651,-0.29323936
1866-04,-0.4543501,-0.7766433,-0.132057
1866-05,-0.5728256,-0.8801348,-0.2655164
1866-06,-0.09814961,-0.3588608,0.16256158
1866-07,-0.008290062,-0.25980592,0.2432258
1866-08,-0.2494715,-0.49963456,0.00069158967
1866-09,-0.37775257,-0.62569046,-0.12981468
1866-10,-0.4206272,-0.6282327,-0.21302171
1866-11,-0.29829076,-0.52906585,-0.06751567
1866-12,-0.40035242,-0.7012374,-0.09946747
1867-01,-0.40518752,-0.74488693,-0.065488115
1867-02,-0.3535976,-0.78066856,0.07347331
1867-03,-0.6812414,-1.0586313,-0.30385152
1867-04,-0.4213023,-0.7407834,-0.1018212
1867-05,-0.5748245,-0.8915862,-0.25806284
1867-06,-0.35035887,-0.6305002,-0.070217565
1867-07,-0.25275818,-0.5176407,0.01212435
1867-08,-0.33047715,-0.60988814,-0.051066175
1867-09,-0.14789358,-0.40636784,0.11058068
1867-10,-0.12525536,-0.35672548,0.106214754
1867-11,-0.19566038,-0.43645424,0.045133475
1867-12,-0.44537255,-0.7262891,-0.16445602
1868-01,-0.6848776,-1.044338,-0.32541716
1868-02,-0.69327545,-1.1240178,-0.2625332
1868-03,-0.33387566,-0.72731847,0.05956714
1868-04,-0.36299402,-0.66513675,-0.06085131
1868-05,-0.2855361,-0.5874995,0.016427279
1868-06,-0.29688424,-0.5490135,-0.044755016
1868-07,-0.059621982,-0.30119848,0.18195452
1868-08,-0.1932709,-0.45685738,0.070315555
1868-09,-0.34477365,-0.5571461,-0.13240121
1868-10,-0.22966905,-0.4261849,-0.033153232
1868-11,-0.42318085,-0.66923624,-0.17712545
1868-12,-0.31396636,-0.57192636,-0.05600635
1869-01,-0.33569098,-0.6297284,-0.041653544
1869-02,0.13131645,-0.19830833,0.46094123
1869-03,-0.6260294,-0.9566459,-0.2954128
1869-04,-0.40569928,-0.7054616,-0.10593699
1869-05,-0.3099707,-0.57051814,-0.049423277
1869-06,-0.38451383,-0.6465563,-0.12247129
1869-07,-0.41707024,-0.6630914,-0.17104907
1869-08,-0.16793925,-0.4234084,0.08752989
1869-09,-0.17162752,-0.3800871,0.036832076
1869-10,-0.2934824,-0.4622508,-0.124713965
1869-11,-0.2818132,-0.47505817,-0.08856823
1869-12,-0.5365831,-0.7834703,-0.289696
1870-01,-0.21106681,-0.4358849,0.013751276
1870-02,-0.4548541,-0.6895729,-0.22013529
1870-03,-0.4983347,-0.75912595,-0.23754346
1870-04,-0.33294046,-0.56307256,-0.10280833
1870-05,-0.2977442,-0.54020154,-0.055286862
1870-06,-0.23123583,-0.4569157,-0.005555956
1870-07,-0.073357955,-0.2875345,0.1408186
1870-08,-0.2582274,-0.5095156,-0.0069392435
1870-09,-0.2023172,-0.4136001,0.0089657
1870-10,-0.44285795,-0.65396285,-0.2317531
1870-11,-0.2658218,-0.48923132,-0.042412296
1870-12,-0.6663718,-0.9382973,-0.3944463
1871-01,-0.55831134,-0.82570755,-0.29091513
1871-02,-0.6721459,-0.9632074,-0.3810844
1871-03,-0.17089234,-0.47900465,0.13721995
1871-04,-0.22192766,-0.45470837,0.010853066
1871-05,-0.36220172,-0.6109219,-0.113481544
1871-06,-0.2864155,-0.5228108,-0.05002018
1871-07,-0.082433164,-0.3044722,0.13960588
1871-08,-0.32236677,-0.5468733,-0.09786023
1871-09,-0.36107233,-0.5652693,-0.15687534
1871-10,-0.37327537,-0.55728364,-0.18926708
1871-11,-0.5226968,-0.75467384,-0.29071972
1871-12,-0.48901418,-0.7645088,-0.21351954
1872-01,-0.59878874,-0.85335076,-0.3442267
1872-02,-0.6208213,-0.9002969,-0.3413456
1872-03,-0.52365935,-0.81856906,-0.22874957
1872-04,-0.3854148,-0.6421561,-0.12867345
1872-05,-0.14151993,-0.37056223,0.08752235
1872-06,-0.27941555,-0.50094724,-0.05788383
1872-07,-0.14631678,-0.35728696,0.064653404
1872-08,0.008637112,-0.22310326,0.24037747
1872-09,-0.17648244,-0.37449455,0.021529682
1872-10,-0.2035192,-0.37991014,-0.027128257
1872-11,-0.32202852,-0.5166016,-0.12745541
1872-12,-0.5479975,-0.78612375,-0.30987123
1873-01,-0.26165044,-0.48202783,-0.04127305
1873-02,-0.28250718,-0.5737214,0.008707018
1873-03,-0.4087238,-0.65150857,-0.16593905
1873-04,-0.4805553,-0.6951894,-0.26592112
1873-05,-0.35092077,-0.5651312,-0.13671032
1873-06,-0.32054913,-0.53528905,-0.10580918
1873-07,-0.17570111,-0.39297614,0.04157393
1873-08,-0.22783396,-0.4349165,-0.020751415
1873-09,-0.40525547,-0.60818976,-0.20232113
1873-10,-0.3906487,-0.57215583,-0.20914152
1873-11,-0.46331128,-0.66464955,-0.261973
1873-12,-0.3279057,-0.59806544,-0.057746004
1874-01,-0.19854628,-0.45300004,0.055907503
1874-02,-0.43842116,-0.6789994,-0.1978429
1874-03,-0.6729315,-0.92940164,-0.4164614
1874-04,-0.4370358,-0.6482773,-0.22579432
1874-05,-0.33399135,-0.5918376,-0.07614513
1874-06,-0.56584716,-0.79844147,-0.33325285
1874-07,-0.16706698,-0.38213357,0.047999617
1874-08,-0.2960711,-0.52731186,-0.064830355
1874-09,-0.16819394,-0.35974884,0.023360983
1874-10,-0.47115755,-0.6433688,-0.29894635
1874-11,-0.41774487,-0.6313548,-0.20413499
1874-12,-0.31200656,-0.5668208,-0.057192285
1875-01,-0.5711182,-0.79736364,-0.3448727
1875-02,-0.4792721,-0.71974623,-0.23879792
1875-03,-0.56430274,-0.7930157,-0.33558974
1875-04,-0.35805592,-0.5733307,-0.14278117
1875-05,-0.2728362,-0.47623995,-0.069432504
1875-06,-0.27996176,-0.4962079,-0.06371561
1875-07,-0.18206008,-0.38412824,0.02000808
1875-08,-0.24648568,-0.4747995,-0.018171854
1875-09,-0.23427878,-0.44139335,-0.027164232
1875-10,-0.23321441,-0.40914226,-0.057286542
1875-11,-0.50920546,-0.7304494,-0.28796157
1875-12,-0.57672006,-0.8087105,-0.3447295
1876-01,-0.51370406,-0.732396,-0.29501218
1876-02,-0.33739862,-0.56518865,-0.10960863
1876-03,-0.36232424,-0.6376168,-0.08703163
1876-04,-0.42427668,-0.6555307,-0.1930227
1876-05,-0.5904251,-0.8079633,-0.37288684
1876-06,-0.35227904,-0.57574004,-0.12881808
1876-07,-0.21372749,-0.41223747,-0.015217529
1876-08,-0.32724735,-0.5655297,-0.08896501
1876-09,-0.41784137,-0.63995034,-0.19573241
1876-10,-0.29983562,-0.47799063,-0.12168063
1876-11,-0.60684675,-0.8142865,-0.39940697
1876-12,-0.64341265,-0.89493567,-0.3918896
1877-01,-0.41108242,-0.6209636,-0.20120125
1877-02,-0.20926146,-0.4276892,0.009166266
1877-03,-0.091358565,-0.31345627,0.13073914
1877-04,-0.34591714,-0.5490584,-0.14277592
1877-05,-0.41127658,-0.6174063,-0.20514685
1877-06,-0.13819988,-0.35527813,0.078878365
1877-07,-0.016253214,-0.22757587,0.19506943
1877-08,0.21073052,-0.011481554,0.4329426
1877-09,0.10758122,-0.07691583,0.29207826
1877-10,0.11331653,-0.0732508,0.29988387
1877-11,0.03397783,-0.15571973,0.2236754
1877-12,-0.05556291,-0.2958206,0.18469477
1878-01,-0.06979711,-0.26203996,0.12244575
1878-02,0.22940955,0.011935646,0.44688344
1878-03,0.36132926,0.11839555,0.604263
1878-04,0.18853737,-0.0070910016,0.38416573
1878-05,-0.122401364,-0.3323217,0.08751898
1878-06,0.010291125,-0.20308198,0.22366422
1878-07,-0.0772364,-0.28020662,0.12573381
1878-08,-0.04655335,-0.26132223,0.16821553
1878-09,0.020835022,-0.16271828,0.20438832
1878-10,-0.1650159,-0.33420274,0.0041709216
1878-11,-0.14255811,-0.34657767,0.061461445
1878-12,-0.3226224,-0.5510177,-0.09422704
1879-01,-0.23778471,-0.4489502,-0.026619231
1879-02,-0.26602048,-0.49155372,-0.040487222
1879-03,-0.2583884,-0.48758295,-0.029193843
1879-04,-0.38240048,-0.5881249,-0.17667612
1879-05,-0.3438711,-0.53022873,-0.15751342
1879-06,-0.28325993,-0.47607452,-0.09044534
1879-07,-0.2641225,-0.46030587,-0.0679391
1879-08,-0.26534295,-0.48025763,-0.05042825
1879-09,-0.23556925,-0.42141894,-0.04971956
1879-10,-0.15905875,-0.33532667,0.017209174
1879-11,-0.397338,-0.6246113,-0.17006464
1879-12,-0.55045533,-0.81308776,-0.2878229
1880-01,-0.39386344,-0.60645384,-0.181273
1880-02,-0.4498936,-0.66129464,-0.23849255
1880-03,-0.19438674,-0.4402409,0.051467415
1880-04,-0.33803287,-0.5690924,-0.10697335
1880-05,-0.32535022,-0.52491283,-0.12578763
1880-06,-0.38053036,-0.57394856,-0.18711212
1880-07,-0.3148068,-0.5000183,-0.12959526
1880-08,-0.10718303,-0.31699923,0.10263317
1880-09,-0.29703382,-0.48228338,-0.11178426
1880-10,-0.39094922,-0.54256344,-0.23933502
1880-11,-0.28068957,-0.48973435,-0.07164481
1880-12,-0.3172651,-0.57946,-0.055070166
1881-01,-0.21463032,-0.42456862,-0.004692002
1881-02,-0.22458804,-0.4410218,-0.008154285
1881-03,-0.24820606,-0.4754435,-0.02096861
1881-04,-0.06252021,-0.24772863,0.1226882
1881-05,-0.121898524,-0.31805432,0.07425727
1881-06,-0.39908272,-0.60632294,-0.19184254
1881-07,-0.19404487,-0.38651505,-0.0015747005
1881-08,-0.13816847,-0.34755346,0.07121651
1881-09,-0.3007603,-0.48109457,-0.120426044
1881-10,-0.2305081,-0.3861735,-0.0748427
1881-11,-0.38121367,-0.57584876,-0.18657859
1881-12,-0.27132502,-0.49155435,-0.05109568
1882-01,-0.025385773,-0.21284647,0.16207492
1882-02,-0.11726177,-0.29848227,0.06395874
1882-03,-0.17708035,-0.37251085,0.018350175
1882-04,-0.31474158,-0.49010402,-0.13937913
1882-05,-0.32572997,-0.50725716,-0.14420278
1882-06,-0.39225483,-0.5854527,-0.19905701
1882-07,-0.34102684,-0.524619,-0.15743467
1882-08,-0.24510053,-0.45590413,-0.03429691
1882-09,-0.15044588,-0.33297318,0.03208143
1882-10,-0.3990836,-0.56060207,-0.23756516
1882-11,-0.40350994,-0.59063745,-0.2163824
1882-12,-0.65474,-0.8827449,-0.426735
1883-01,-0.47277278,-0.6465994,-0.2989461
1883-02,-0.4854322,-0.6739853,-0.29687917
1883-03,-0.26636964,-0.44524446,-0.08749482
1883-04,-0.4390349,-0.6062966,-0.27177322
1883-05,-0.3400283,-0.5237819,-0.15627468
1883-06,-0.1901544,-0.38033026,2.1439157e-05
1883-07,-0.21858145,-0.38680118,-0.05036173
1883-08,-0.28788334,-0.48319572,-0.092570975
1883-09,-0.3062682,-0.46854252,-0.14399385
1883-10,-0.3400996,-0.49213037,-0.1880688
1883-11,-0.39625064,-0.58992153,-0.20257974
1883-12,-0.41481745,-0.6323676,-0.19726728
1884-01,-0.44355372,-0.63514644,-0.25196096
1884-02,-0.33285657,-0.5167038,-0.14900933
1884-03,-0.50546813,-0.7000096,-0.31092662
1884-04,-0.5089616,-0.6738658,-0.34405738
1884-05,-0.5656212,-0.7247028,-0.40653962
1884-06,-0.5137893,-0.6937361,-0.3338425
1884-07,-0.5658637,-0.7341247,-0.39760268
1884-08,-0.429122,-0.6203238,-0.23792021
1884-09,-0.5043303,-0.6659263,-0.34273428
1884-10,-0.463346,-0.614259,-0.31243297
1884-11,-0.5852065,-0.7801215,-0.3902915
1884-12,-0.4897219,-0.7129149,-0.2665289
1885-01,-0.65614164,-0.83794105,-0.47434217
1885-02,-0.5527572,-0.73603135,-0.36948302
1885-03,-0.42101642,-0.5955314,-0.24650145
1885-04,-0.63497037,-0.78652,-0.4834207
1885-05,-0.60631216,-0.77378696,-0.43883735
1885-06,-0.63664883,-0.8227926,-0.45050508
1885-07,-0.42047033,-0.5939572,-0.24698347
1885-08,-0.4050678,-0.5947867,-0.21534885
1885-09,-0.35673314,-0.52351606,-0.18995023
1885-10,-0.36150765,-0.51169276,-0.21132258
1885-11,-0.38425598,-0.55152065,-0.2169913
1885-12,-0.21760142,-0.4325158,-0.0026870253
1886-01,-0.479745,-0.6322591,-0.3272309
1886-02,-0.47879001,-0.62834597,-0.32923406
1886-03,-0.48723003,-0.63084835,-0.34361172
1886-04,-0.3615867,-0.5048325,-0.21834087
1886-05,-0.29257128,-0.45943964,-0.1257029
1886-06,-0.5019767,-0.6763906,-0.32756293
1886-07,-0.3021988,-0.45671389,-0.14768374
1886-08,-0.45738658,-0.6496851,-0.26508808
1886-09,-0.39079213,-0.54562986,-0.2359544
1886-10,-0.41297862,-0.56080145,-0.26515582
1886-11,-0.49078947,-0.65871966,-0.3228593
1886-12,-0.39479798,-0.6054431,-0.18415283
1887-01,-0.74377,-0.90897405,-0.57856596
1887-02,-0.65888214,-0.81991065,-0.49785364
1887-03,-0.44538546,-0.60558623,-0.28518468
1887-04,-0.48280382,-0.63975,-0.32585767
1887-05,-0.5294594,-0.7083592,-0.35055965
1887-06,-0.52584267,-0.7173657,-0.33431968
1887-07,-0.38890877,-0.55927885,-0.21853866
1887-08,-0.44554248,-0.64114463,-0.24994037
1887-09,-0.3885525,-0.55485785,-0.22224714
1887-10,-0.4446146,-0.59794164,-0.29128754
1887-11,-0.43516165,-0.6090515,-0.26127174
1887-12,-0.49650568,-0.70510846,-0.2879029
1888-01,-0.6184704,-0.7836917,-0.45324904
1888-02,-0.58728784,-0.76135224,-0.41322348
1888-03,-0.59725916,-0.77896965,-0.41554868
1888-04,-0.35193178,-0.5080489,-0.19581465
1888-05,-0.41130793,-0.5864251,-0.23619075
1888-06,-0.3217171,-0.50169754,-0.14173672
1888-07,-0.3386262,-0.5072375,-0.17001486
1888-08,-0.31051376,-0.5074154,-0.11361212
1888-09,-0.32469457,-0.49043873,-0.15895042
1888-10,-0.16644995,-0.32206133,-0.010838576
1888-11,-0.26496226,-0.4413725,-0.08855199
1888-12,-0.2593257,-0.47495842,-0.043693
1889-01,-0.2966627,-0.47627586,-0.11704954
1889-02,-0.006579389,-0.19397688,0.1808181
1889-03,-0.08734918,-0.28068063,0.10598228
1889-04,-0.08679018,-0.25234994,0.078769594
1889-05,-0.15811297,-0.3331547,0.016928775
1889-06,-0.21282648,-0.40597382,-0.019679131
1889-07,-0.28090227,-0.46454594,-0.09725862
1889-08,-0.30713442,-0.5067254,-0.10754347
1889-09,-0.34166074,-0.51179236,-0.17152908
1889-10,-0.37001047,-0.5306747,-0.20934623
1889-11,-0.5064449,-0.67347455,-0.3394152
1889-12,-0.34427297,-0.55167353,-0.1368724
1890-01,-0.53390056,-0.68983096,-0.37797013
1890-02,-0.46501267,-0.64362186,-0.28640348
1890-03,-0.6111193,-0.79531926,-0.42691922
1890-04,-0.49407724,-0.6826467,-0.3055078
1890-05,-0.53646934,-0.71954244,-0.3533962
1890-06,-0.49480304,-0.6899875,-0.2996186
1890-07,-0.48914096,-0.6675704,-0.31071147
1890-08,-0.46699485,-0.6746316,-0.25935808
1890-09,-0.482208,-0.65571135,-0.30870467
1890-10,-0.4391856,-0.60413635,-0.27423483
1890-11,-0.67008716,-0.8370257,-0.5031486
1890-12,-0.3992993,-0.5958885,-0.20271009
1891-01,-0.580199,-0.77196914,-0.3884289
1891-02,-0.59757084,-0.80028284,-0.3948589
1891-03,-0.36251077,-0.55440897,-0.1706126
1891-04,-0.4480748,-0.64362466,-0.25252488
1891-05,-0.34619385,-0.53551894,-0.1568688
1891-06,-0.375095,-0.57121325,-0.17897676
1891-07,-0.39966992,-0.5892808,-0.21005905
1891-08,-0.3548557,-0.5726065,-0.13710487
1891-09,-0.25669602,-0.44973028,-0.06366173
1891-10,-0.3429681,-0.5111194,-0.17481679
1891-11,-0.5339126,-0.708038,-0.35978726
1891-12,-0.21803272,-0.42916322,-0.0069021964
1892-01,-0.4647994,-0.65507704,-0.2745218
1892-02,-0.2896702,-0.4841962,-0.095144175
1892-03,-0.532998,-0.72427106,-0.34172493
1892-04,-0.5456076,-0.75018156,-0.34103373
1892-05,-0.4568904,-0.64939237,-0.26438844
1892-06,-0.43644238,-0.63285375,-0.24003102
1892-07,-0.5867592,-0.790647,-0.3828715
1892-08,-0.508325,-0.72042894,-0.296221
1892-09,-0.3824375,-0.5656438,-0.19923118
1892-10,-0.43382177,-0.6145778,-0.25306576
1892-11,-0.66069424,-0.84201086,-0.47937757
1892-12,-0.7922568,-1.000348,-0.5841656
1893-01,-1.0448953,-1.2234055,-0.86638504
1893-02,-0.84499276,-1.0261025,-0.6638829
1893-03,-0.42680097,-0.62173426,-0.23186766
1893-04,-0.51484233,-0.7004082,-0.3292764
1893-05,-0.5721377,-0.76604015,-0.37823528
1893-06,-0.44231105,-0.6416443,-0.24297778
1893-07,-0.24375539,-0.43675295,-0.050757837
1893-08,-0.2869543,-0.5068631,-0.06704551
1893-09,-0.36513734,-0.5501072,-0.18016747
1893-10,-0.30426577,-0.47791195,-0.13061959
1893-11,-0.404811,-0.5897336,-0.21988842
1893-12,-0.4845268,-0.70177835,-0.26727527
1894-01,-0.6276136,-0.8077845,-0.44744277
1894-02,-0.42949706,-0.6282197,-0.2307744
1894-03,-0.51159126,-0.71238536,-0.3107972
1894-04,-0.53747475,-0.7314728,-0.34347677
1894-05,-0.5191684,-0.7246258,-0.3137109
1894-06,-0.583648,-0.7914774,-0.3758187
1894-07,-0.39212567,-0.59586215,-0.1883892
1894-08,-0.35357937,-0.570022,-0.13713676
1894-09,-0.4396966,-0.6310632,-0.24833001
1894-10,-0.3990114,-0.5790243,-0.21899848
1894-11,-0.460066,-0.64320624,-0.27692574
1894-12,-0.551695,-0.75928974,-0.3441002
1895-01,-0.6359875,-0.8076031,-0.46437198
1895-02,-0.6417986,-0.83066016,-0.45293707
1895-03,-0.6178789,-0.82091254,-0.4148453
1895-04,-0.46109405,-0.67555755,-0.24663055
1895-05,-0.4825311,-0.6815972,-0.28346503
1895-06,-0.4253601,-0.62747884,-0.22324134
1895-07,-0.3349007,-0.52899164,-0.14080974
1895-08,-0.37724775,-0.5895025,-0.16499303
1895-09,-0.39428148,-0.57385796,-0.21470495
1895-10,-0.3257419,-0.48164272,-0.16984108
1895-11,-0.3213687,-0.48260084,-0.16013654
1895-12,-0.36682844,-0.5629477,-0.1707092
1896-01,-0.3152051,-0.49154812,-0.13886207
1896-02,-0.33662146,-0.5216296,-0.1516134
1896-03,-0.58836246,-0.7725723,-0.40415257
1896-04,-0.5460313,-0.7311856,-0.36087692
1896-05,-0.3561196,-0.5764713,-0.1357679
1896-06,-0.23009133,-0.434404,-0.025778683
1896-07,-0.18243536,-0.36182913,-0.0030415945
1896-08,-0.1715636,-0.3854166,0.042289402
1896-09,-0.15527536,-0.34389502,0.033344295
1896-10,-0.117941946,-0.2807071,0.044823196
1896-11,-0.31405124,-0.48207262,-0.14602986
1896-12,-0.094388485,-0.3038262,0.115049236
1897-01,-0.3000984,-0.49080732,-0.10938945
1897-02,-0.3486073,-0.5483834,-0.14883117
1897-03,-0.41547,-0.61278546,-0.21815456
1897-04,-0.1176401,-0.3024626,0.0671824
1897-05,-0.11408215,-0.31088102,0.0827167
1897-06,-0.1627357,-0.36229974,0.036828335
1897-07,-0.18704693,-0.37309894,-0.0009949328
1897-08,-0.1854231,-0.40435466,0.03350848
1897-09,-0.18626954,-0.36248967,-0.010049412
1897-10,-0.21232262,-0.39015022,-0.03449505
1897-11,-0.4227442,-0.5879673,-0.25752115
1897-12,-0.46516183,-0.6517685,-0.27855515
1898-01,-0.19924784,-0.38865504,-0.009840637
1898-02,-0.55612665,-0.71944946,-0.39280388
1898-03,-0.8427487,-1.0089464,-0.676551
1898-04,-0.663013,-0.84589446,-0.4801315
1898-05,-0.55958927,-0.74355966,-0.37561885
1898-06,-0.33471388,-0.52292496,-0.1465028
1898-07,-0.39475092,-0.58443546,-0.20506638
1898-08,-0.3894281,-0.59876347,-0.18009277
1898-09,-0.37076962,-0.5485977,-0.19294158
1898-10,-0.5009573,-0.6702813,-0.3316333
1898-11,-0.5286319,-0.68540967,-0.3718542
1898-12,-0.4895283,-0.67102706,-0.30802953
1899-01,-0.3598041,-0.5269037,-0.1927045
1899-02,-0.5540309,-0.7154645,-0.39259735
1899-03,-0.5889544,-0.7476041,-0.43030468
1899-04,-0.4393416,-0.61094743,-0.26773578
1899-05,-0.3589112,-0.54240376,-0.1754186
1899-06,-0.5010004,-0.69523287,-0.306768
1899-07,-0.36553654,-0.55425465,-0.17681848
1899-08,-0.23979759,-0.45446852,-0.025126649
1899-09,-0.1515833,-0.32894266,0.025776051
1899-10,-0.18313703,-0.35176262,-0.014511443
1899-11,-0.056940768,-0.2123845,0.09850298
1899-12,-0.466166,-0.6495811,-0.28275096
1900-01,-0.5065189,-0.67105144,-0.34198627
1900-02,-0.20285846,-0.36073005,-0.044986892
1900-03,-0.1996692,-0.3654082,-0.03393016
1900-04,-0.22413279,-0.40402105,-0.04424453
1900-05,-0.30283663,-0.4895637,-0.11610956
1900-06,-0.21709992,-0.41481555,-0.019384295
1900-07,-0.19087769,-0.37001598,-0.011739427
1900-08,-0.21077268,-0.42332837,0.0017830197
1900-09,-0.19567777,-0.3802469,-0.0111086285
1900-10,-0.06474688,-0.23644778,0.106954016
1900-11,-0.26251248,-0.42217025,-0.102854684
1900-12,-0.23622343,-0.41822207,-0.05422478
1901-01,-0.28058165,-0.43768528,-0.12347804
1901-02,-0.2681851,-0.4217925,-0.11457771
1901-03,-0.20080307,-0.3600364,-0.041569714
1901-04,-0.17528863,-0.34939563,-0.001181635
1901-05,-0.24932855,-0.4433915,-0.055265613
1901-06,-0.23660955,-0.43269858,-0.040520515
1901-07,-0.32892776,-0.5168509,-0.14100464
1901-08,-0.20504455,-0.42088187,0.010792741
1901-09,-0.3551397,-0.5345839,-0.1756955
1901-10,-0.34072286,-0.5140167,-0.16742903
1901-11,-0.39580756,-0.5574493,-0.23416583
1901-12,-0.48448405,-0.65648615,-0.31248194
1902-01,-0.43954477,-0.5984381,-0.28065145
1902-02,-0.23218735,-0.3839097,-0.08046498
1902-03,-0.4739756,-0.6298845,-0.31806672
1902-04,-0.4304807,-0.59920293,-0.26175842
1902-05,-0.43020976,-0.6293106,-0.23110889
1902-06,-0.44516006,-0.6388988,-0.25142136
1902-07,-0.3891313,-0.5677184,-0.21054421
1902-08,-0.42508107,-0.6307036,-0.21945854
1902-09,-0.37277043,-0.5545644,-0.19097641
1902-10,-0.50047225,-0.67193323,-0.32901123
1902-11,-0.56258446,-0.72000325,-0.40516564
1902-12,-0.5658808,-0.74055594,-0.39120558
1903-01,-0.43438736,-0.5839813,-0.28479344
1903-02,-0.24023621,-0.38273862,-0.097733796
1903-03,-0.39839762,-0.54161745,-0.25517783
1903-04,-0.58795786,-0.7518854,-0.42403024
1903-05,-0.51604986,-0.7022577,-0.32984206
1903-06,-0.5476417,-0.72874016,-0.3665432
1903-07,-0.5051698,-0.6747655,-0.33557403
1903-08,-0.60136807,-0.8153095,-0.38742664
1903-09,-0.5597119,-0.73431873,-0.385105
1903-10,-0.66477305,-0.8239063,-0.50563973
1903-11,-0.62974554,-0.7791771,-0.48031402
1903-12,-0.7140063,-0.8771501,-0.55086255
1904-01,-0.80656,-0.95873725,-0.6543827
1904-02,-0.7698671,-0.9233304,-0.61640376
1904-03,-0.6964285,-0.845443,-0.5474139
1904-04,-0.6467815,-0.81551486,-0.47804818
1904-05,-0.60934496,-0.7880444,-0.4306455
1904-06,-0.5641042,-0.7493462,-0.3788622
1904-07,-0.55299294,-0.72234863,-0.38363722
1904-08,-0.47835863,-0.6857716,-0.2709457
1904-09,-0.5965616,-0.77847034,-0.41465294
1904-10,-0.55299026,-0.7172968,-0.38868374
1904-11,-0.39655104,-0.5500068,-0.24309528
1904-12,-0.49959204,-0.6743442,-0.3248399
1905-01,-0.46335953,-0.6110458,-0.31567326
1905-02,-0.7201099,-0.8702684,-0.56995136
1905-03,-0.5239959,-0.6669811,-0.38101065
1905-04,-0.56017256,-0.71999836,-0.4003468
1905-05,-0.43417767,-0.61234623,-0.25600913
1905-06,-0.3425202,-0.5254615,-0.15957896
1905-07,-0.37304273,-0.5419193,-0.20416616
1905-08,-0.30441466,-0.5130583,-0.095771015
1905-09,-0.34512985,-0.513265,-0.17699467
1905-10,-0.33508322,-0.4901297,-0.18003672
1905-11,-0.21722218,-0.36699113,-0.067453235
1905-12,-0.27429035,-0.4497754,-0.09880528
1906-01,-0.29661554,-0.44813886,-0.14509223
1906-02,-0.38851494,-0.5299455,-0.24708438
1906-03,-0.28945962,-0.43830517,-0.14061408
1906-04,-0.10394709,-0.26859933,0.060705155
1906-05,-0.3764534,-0.5552137,-0.19769311
1906-06,-0.23246719,-0.4159186,-0.04901578
1906-07,-0.34288514,-0.51944125,-0.16632906
1906-08,-0.2716125,-0.48096424,-0.06226077
1906-09,-0.3529511,-0.5277811,-0.17812115
1906-10,-0.3222206,-0.4745097,-0.1699315
1906-11,-0.53171885,-0.6780582,-0.3853795
1906-12,-0.32045943,-0.48526797,-0.15565091
1907-01,-0.5292263,-0.6674215,-0.39103112
1907-02,-0.61851364,-0.7597353,-0.477292
1907-03,-0.43785027,-0.57947165,-0.2962289
1907-04,-0.47791895,-0.6311771,-0.32466075
1907-05,-0.6449541,-0.81345904,-0.47644913
1907-06,-0.54397786,-0.72447973,-0.36347598
1907-07,-0.42500588,-0.59411615,-0.2558956
1907-08,-0.49093178,-0.70110387,-0.2807597
1907-09,-0.39859733,-0.5621417,-0.23505294
1907-10,-0.3358541,-0.48125443,-0.1904538
1907-11,-0.556291,-0.69845825,-0.41412365
1907-12,-0.58979434,-0.76873887,-0.4108498
1908-01,-0.46638778,-0.60712713,-0.32564846
1908-02,-0.41381732,-0.55281097,-0.27482367
1908-03,-0.7039844,-0.84396887,-0.56399995
1908-04,-0.588319,-0.7407138,-0.43592426
1908-05,-0.4529715,-0.6330949,-0.27284807
1908-06,-0.41270536,-0.6005996,-0.22481114
1908-07,-0.4009456,-0.56734276,-0.23454843
1908-08,-0.48116264,-0.6961693,-0.26615596
1908-09,-0.38762024,-0.5544294,-0.22081108
1908-10,-0.5746349,-0.7206484,-0.42862138
1908-11,-0.6452273,-0.779031,-0.5114236
1908-12,-0.6380604,-0.7941374,-0.48198333
1909-01,-0.762844,-0.8884413,-0.6372468
1909-02,-0.5354324,-0.6668506,-0.4040142
1909-03,-0.6520392,-0.78548646,-0.5185918
1909-04,-0.6327117,-0.77666014,-0.48876324
1909-05,-0.5917152,-0.7641147,-0.41931573
1909-06,-0.49996263,-0.68143153,-0.31849372
1909-07,-0.5236611,-0.6810723,-0.36624983
1909-08,-0.33681288,-0.5427867,-0.13083906
1909-09,-0.41587806,-0.57608026,-0.25567588
1909-10,-0.49441093,-0.63474107,-0.3540808
1909-11,-0.38654533,-0.51639926,-0.2566914
1909-12,-0.5962325,-0.7430664,-0.44939858
1910-01,-0.43267882,-0.56631696,-0.2990407
1910-02,-0.52895504,-0.6668427,-0.39106748
1910-03,-0.6188239,-0.76310647,-0.47454134
1910-04,-0.5348015,-0.68310523,-0.38649774
1910-05,-0.53672475,-0.712469,-0.36098045
1910-06,-0.55922884,-0.7410229,-0.37743485
1910-07,-0.43464226,-0.59844416,-0.27084035
1910-08,-0.38866886,-0.5992517,-0.17808603
1910-09,-0.4228183,-0.5898239,-0.2558127
1910-10,-0.48470154,-0.6250428,-0.3443603
1910-11,-0.6723143,-0.80482006,-0.5398086
1910-12,-0.75655586,-0.90742683,-0.60568494
1911-01,-0.66792786,-0.7948371,-0.5410186
1911-02,-0.70591265,-0.829313,-0.5825124
1911-03,-0.7638631,-0.8887159,-0.63901025
1911-04,-0.6435215,-0.7918488,-0.49519423
1911-05,-0.6270833,-0.7986119,-0.45555475
1911-06,-0.55419534,-0.7357189,-0.37267184
1911-07,-0.4924836,-0.6614827,-0.3234845
1911-08,-0.50632066,-0.71092093,-0.30172035
1911-09,-0.49810326,-0.6719248,-0.32428172
1911-10,-0.34498498,-0.48610657,-0.20386338
1911-11,-0.3491855,-0.4849458,-0.21342522
1911-12,-0.3153667,-0.46791103,-0.16282232
1912-01,-0.32927233,-0.45350277,-0.2050419
1912-02,-0.31478965,-0.4290044,-0.20057495
1912-03,-0.5542118,-0.67604625,-0.43237737
1912-04,-0.33774602,-0.48277003,-0.19272201
1912-05,-0.3351191,-0.49682474,-0.17341344
1912-06,-0.28495222,-0.45746803,-0.112436436
1912-07,-0.50717443,-0.660587,-0.35376188
1912-08,-0.5723381,-0.7751021,-0.36957416
1912-09,-0.64362735,-0.80046463,-0.4867901
1912-10,-0.6789801,-0.81450194,-0.54345834
1912-11,-0.5577874,-0.68752116,-0.42805374
1912-12,-0.59046507,-0.73636127,-0.4445689
1913-01,-0.5635126,-0.69528735,-0.43173784
1913-02,-0.5499484,-0.6706285,-0.4292683
1913-03,-0.6056625,-0.7308505,-0.48047447
1913-04,-0.533902,-0.6895652,-0.37823874
1913-05,-0.5410281,-0.70914644,-0.37290975
1913-06,-0.5513428,-0.73129416,-0.37139145
1913-07,-0.47683704,-0.6403762,-0.3132978
1913-08,-0.3954589,-0.5983062,-0.19261162
1913-09,-0.4167614,-0.57404244,-0.25948033
1913-10,-0.43822035,-0.578046,-0.29839468
1913-11,-0.36757883,-0.49623483,-0.23892283
1913-12,-0.16388014,-0.31157938,-0.01618092
1914-01,-0.07832726,-0.20628193,0.04962741
1914-02,-0.26996037,-0.38976645,-0.1501543
1914-03,-0.3973331,-0.5214331,-0.27323306
1914-04,-0.4087523,-0.5476969,-0.2698077
1914-05,-0.30774707,-0.470623,-0.14487113
1914-06,-0.30783066,-0.4829591,-0.13270226
1914-07,-0.2967975,-0.46007645,-0.13351856
1914-08,-0.24444422,-0.44850364,-0.04038481
1914-09,-0.30123475,-0.47752562,-0.12494385
1914-10,-0.11011493,-0.25817916,0.03794931
1914-11,-0.1901363,-0.3269441,-0.053328473
1914-12,-0.2365605,-0.38430473,-0.08881626
1915-01,-0.2872971,-0.4254916,-0.14910261
1915-02,-0.22026111,-0.36023918,-0.08028304
1915-03,-0.19383056,-0.3407679,-0.04689325
1915-04,-0.08245257,-0.23846892,0.073563784
1915-05,-0.16790764,-0.356537,0.020721734
1915-06,-0.1719328,-0.3641532,0.020287603
1915-07,-0.16885509,-0.35186094,0.014150763
1915-08,-0.06664396,-0.28792694,0.15463902
1915-09,-0.120124,-0.2912287,0.05098071
1915-10,-0.28593215,-0.43898988,-0.13287441
1915-11,-0.17264453,-0.30981812,-0.03547092
1915-12,-0.36218482,-0.4977053,-0.2266643
1916-01,-0.33768356,-0.47634906,-0.19901808
1916-02,-0.26385295,-0.4065282,-0.1211777
1916-03,-0.43891233,-0.57705414,-0.30077055
1916-04,-0.37498996,-0.53496814,-0.21501179
1916-05,-0.41793218,-0.6176476,-0.21821673
1916-06,-0.49464902,-0.69868237,-0.2906157
1916-07,-0.3846926,-0.5740647,-0.19532055
1916-08,-0.29657167,-0.51186854,-0.081274755
1916-09,-0.32167742,-0.4982884,-0.14506643
1916-10,-0.37422758,-0.53182685,-0.21662833
1916-11,-0.5140146,-0.6519891,-0.3760401
1916-12,-0.82107395,-0.96413094,-0.67801696
1917-01,-0.6890276,-0.837886,-0.5401692
1917-02,-0.71578526,-0.87207764,-0.5594929
1917-03,-0.78410584,-0.9322518,-0.63595986
1917-04,-0.54591686,-0.71492136,-0.37691233
1917-05,-0.6440873,-0.83876336,-0.44941124
1917-06,-0.47867236,-0.6887351,-0.2686096
1917-07,-0.24506715,-0.4440068,-0.046127494
1917-08,-0.3326128,-0.5795988,-0.08562681
1917-09,-0.29776502,-0.47754008,-0.117989965
1917-10,-0.53541094,-0.69462574,-0.3761961
1917-11,-0.45904374,-0.60715,-0.31093746
1917-12,-0.78634137,-0.9539355,-0.61874723
1918-01,-0.51777416,-0.6722573,-0.36329103
1918-02,-0.6719548,-0.8235103,-0.52039933
1918-03,-0.5788612,-0.7377465,-0.41997588
1918-04,-0.6232451,-0.8026056,-0.4438847
1918-05,-0.5250002,-0.74016494,-0.30983552
1918-06,-0.3862979,-0.59962976,-0.17296608
1918-07,-0.36936435,-0.5545544,-0.1841743
1918-08,-0.42960182,-0.6605833,-0.1986203
1918-09,-0.25802705,-0.44965458,-0.06639952
1918-10,-0.11865723,-0.30032846,0.06301399
1918-11,-0.1895618,-0.3676791,-0.011444505
1918-12,-0.4240235,-0.5942968,-0.2537502
1919-01,-0.2510325,-0.4211865,-0.0808785
1919-02,-0.2418407,-0.39999536,-0.08368606
1919-03,-0.39185974,-0.56796503,-0.21575448
1919-04,-0.21117851,-0.40313736,-0.01921968
1919-05,-0.30771086,-0.5111632,-0.10425855
1919-06,-0.35747308,-0.5552,-0.15974614
1919-07,-0.2996656,-0.49911404,-0.100217186
1919-08,-0.23790476,-0.47193643,-0.0038730986
1919-09,-0.28582785,-0.46871686,-0.102938816
1919-10,-0.25858322,-0.4295761,-0.08759035
1919-11,-0.557303,-0.7006956,-0.4139104
1919-12,-0.50308895,-0.661206,-0.34497187
1920-01,-0.2584196,-0.4233304,-0.09350878
1920-02,-0.54566646,-0.68379176,-0.40754122
1920-03,-0.17184976,-0.3293579,-0.014341607
1920-04,-0.3363508,-0.5212938,-0.15140778
1920-05,-0.25605178,-0.4535823,-0.05852126
1920-06,-0.2378713,-0.44509226,-0.030650347
1920-07,-0.3002392,-0.49001515,-0.110463284
1920-08,-0.22637759,-0.44898048,-0.0037746986
1920-09,-0.1962272,-0.37739,-0.0150643755
1920-10,-0.21753603,-0.36997294,-0.06509911
1920-11,-0.34541765,-0.5055326,-0.18530267
1920-12,-0.4882535,-0.63705605,-0.339451
1921-01,-0.21738231,-0.36060888,-0.07415575
1921-02,-0.2949843,-0.43448606,-0.15548256
1921-03,-0.3424,-0.48616263,-0.19863738
1921-04,-0.29073176,-0.45397916,-0.12748434
1921-05,-0.3013633,-0.4885541,-0.11417245
1921-06,-0.15416723,-0.35394156,0.045607105
1921-07,-0.15516737,-0.34107056,0.030735826
1921-08,-0.32111764,-0.5356241,-0.10661117
1921-09,-0.20687608,-0.3810877,-0.032664463
1921-10,-0.13420631,-0.28982508,0.02141247
1921-11,-0.1956902,-0.33039245,-0.060987957
1921-12,-0.27124575,-0.40919566,-0.13329585
1922-01,-0.41884497,-0.55377847,-0.28391147
1922-02,-0.40857023,-0.5308108,-0.2863297
1922-03,-0.34390998,-0.4798755,-0.20794448
1922-04,-0.2908718,-0.4416774,-0.14006624
1922-05,-0.46940997,-0.6482779,-0.2905421
1922-06,-0.2924666,-0.47017926,-0.114753954
1922-07,-0.25884026,-0.43009633,-0.087584205
1922-08,-0.35566163,-0.5577812,-0.153542
1922-09,-0.3243542,-0.48629358,-0.16241485
1922-10,-0.34490773,-0.4855181,-0.20429738
1922-11,-0.25516132,-0.3797917,-0.13053092
1922-12,-0.30516568,-0.4355857,-0.17474562
1923-01,-0.40348002,-0.528211,-0.278749
1923-02,-0.4941863,-0.6183981,-0.36997455
1923-03,-0.455376,-0.5800476,-0.3307044
1923-04,-0.4101365,-0.5564751,-0.26379788
1923-05,-0.40362665,-0.5719741,-0.23527925
1923-06,-0.252443,-0.42977062,-0.07511534
1923-07,-0.41938844,-0.58019733,-0.25857952
1923-08,-0.32360032,-0.52706784,-0.120132826
1923-09,-0.34068474,-0.50319964,-0.17816985
1923-10,-0.17620523,-0.31598723,-0.036423236
1923-11,-0.033261124,-0.15911664,0.0925944
1923-12,-0.099794105,-0.22772461,0.028136397
1924-01,-0.32685283,-0.45805165,-0.19565403
1924-02,-0.31502405,-0.4394539,-0.19059417
1924-03,-0.17569311,-0.30007163,-0.05131461
1924-04,-0.34221616,-0.48700407,-0.19742826
1924-05,-0.21731487,-0.38465565,-0.049974076
1924-06,-0.2752915,-0.45332435,-0.09725868
1924-07,-0.29365906,-0.44670248,-0.14061566
1924-08,-0.31698474,-0.5217514,-0.11221806
1924-09,-0.33043325,-0.49508885,-0.16577767
1924-10,-0.36558887,-0.50454366,-0.22663413
1924-11,-0.29047823,-0.41327408,-0.16768235
1924-12,-0.49208373,-0.61725485,-0.3669126
1925-01,-0.49136698,-0.6188033,-0.36393067
1925-02,-0.4850451,-0.6100987,-0.35999146
1925-03,-0.37347955,-0.49758527,-0.24937384
1925-04,-0.30666956,-0.45464537,-0.15869379
1925-05,-0.30524135,-0.48665297,-0.12382974
1925-06,-0.3338653,-0.5248907,-0.14283986
1925-07,-0.3305973,-0.4908993,-0.17029534
1925-08,-0.16801853,-0.37269306,0.036655974
1925-09,-0.25865942,-0.43022692,-0.08709192
1925-10,-0.28825894,-0.44042554,-0.13609236
1925-11,-0.058825377,-0.18233077,0.06468001
1925-12,0.014323629,-0.11540903,0.14405629
1926-01,0.08280991,-0.0431751,0.20879492
1926-02,-0.034752987,-0.1532285,0.083722524
1926-03,0.023852488,-0.09752683,0.14523181
1926-04,-0.15770821,-0.31092253,-0.0044939
1926-05,-0.26975292,-0.43981954,-0.099686265
1926-06,-0.18253578,-0.35818577,-0.00688579
1926-07,-0.20816748,-0.36843076,-0.04790417
1926-08,-0.099735446,-0.3098297,0.110358804
1926-09,-0.11760381,-0.28101,0.045802392
1926-10,-0.06968422,-0.21018429,0.07081585
1926-11,-0.11550855,-0.24037635,0.009359262
1926-12,-0.32187304,-0.44822517,-0.19552094
1927-01,-0.31094587,-0.43708372,-0.18480803
1927-02,-0.21181238,-0.3213122,-0.10231258
1927-03,-0.41866517,-0.533304,-0.30402637
1927-04,-0.31421232,-0.45367852,-0.17474611
1927-05,-0.2297561,-0.39457566,-0.064936556
1927-06,-0.24802026,-0.42398518,-0.07205536
1927-07,-0.20455241,-0.35758623,-0.051518578
1927-08,-0.21301645,-0.40900302,-0.017029896
1927-09,-0.11935696,-0.27385828,0.03514436
1927-10,-0.02937854,-0.16844052,0.10968344
1927-11,-0.12638232,-0.24023996,-0.012524664
1927-12,-0.32326442,-0.4486903,-0.19783853
1928-01,-0.016804647,-0.14699699,0.113387704
1928-02,-0.12436657,-0.2519734,0.003240272
1928-03,-0.31927732,-0.44894072,-0.18961391
1928-04,-0.23490348,-0.37812692,-0.09168006
1928-05,-0.30116624,-0.47157666,-0.13075584
1928-06,-0.32642776,-0.5018802,-0.15097529
1928-07,-0.18801957,-0.34094825,-0.035090897
1928-08,-0.17821808,-0.37524217,0.018806033
1928-09,-0.20647411,-0.37421548,-0.038732737
1928-10,-0.18374065,-0.32260278,-0.04487851
1928-11,-0.17178863,-0.2998879,-0.043689385
1928-12,-0.22640261,-0.35475442,-0.0980508
1929-01,-0.4361398,-0.5615826,-0.31069693
1929-02,-0.6033721,-0.7267749,-0.4799693
1929-03,-0.48683798,-0.61482924,-0.3588467
1929-04,-0.43701932,-0.58718425,-0.28685436
1929-05,-0.43421718,-0.6047355,-0.26369885
1929-06,-0.4085424,-0.58228433,-0.23480046
1929-07,-0.43930697,-0.5998529,-0.27876103
1929-08,-0.265994,-0.4735514,-0.05843661
1929-09,-0.2770237,-0.443806,-0.11024142
1929-10,-0.22095427,-0.36206588,-0.07984265
1929-11,-0.13986555,-0.26121476,-0.018516332
1929-12,-0.56004316,-0.68130326,-0.43878305
1930-01,-0.3631465,-0.49787483,-0.22841819
1930-02,-0.35584557,-0.47842416,-0.23326701
1930-03,-0.24732774,-0.37443876,-0.12021672
1930-04,-0.23128887,-0.38058066,-0.08199705
1930-05,-0.25067642,-0.4180869,-0.08326598
1930-06,-0.20374553,-0.3809626,-0.026528457
1930-07,-0.1882644,-0.36365265,-0.012876141
1930-08,-0.09765256,-0.3049344,0.10962929
1930-09,-0.092231415,-0.25912735,0.07466452
1930-10,-0.090577535,-0.23271994,0.05156486
1930-11,0.06376379,-0.063620925,0.1911485
1930-12,-0.06467221,-0.18759245,0.058248036
1931-01,-0.13693942,-0.2671767,-0.006702163
1931-02,-0.25869054,-0.3668697,-0.15051141
1931-03,-0.10919362,-0.23315942,0.014772164
1931-04,-0.17070462,-0.31463966,-0.02676958
1931-05,-0.19289996,-0.36193624,-0.023863683
1931-06,-0.02544678,-0.2039998,0.15310624
1931-07,-0.008178203,-0.17845777,0.16210136
1931-08,-0.026662722,-0.23960268,0.18627724
1931-09,-0.051968556,-0.2076939,0.10375679
1931-10,-0.026985472,-0.17087266,0.11690171
1931-11,-0.13579522,-0.26063263,-0.010957824
1931-12,-0.097307,-0.21723129,0.022617288
1932-01,0.07975415,-0.043561757,0.20307006
1932-02,-0.17805381,-0.29942083,-0.056686807
1932-03,-0.19476578,-0.3203076,-0.06922394
1932-04,-0.061219946,-0.198662,0.076222114
1932-05,-0.15982142,-0.3201136,0.00047073714
1932-06,-0.25541136,-0.4258154,-0.0850073
1932-07,-0.12971984,-0.29410174,0.034662075
1932-08,-0.18982057,-0.39686376,0.017222626
1932-09,-0.00055066624,-0.15410176,0.15300043
1932-10,-0.09439127,-0.23334253,0.044559985
1932-11,-0.29486138,-0.41643777,-0.17328496
1932-12,-0.26667866,-0.38838974,-0.14496759
1933-01,-0.3110911,-0.43013212,-0.19205004
1933-02,-0.35099408,-0.46522236,-0.23676579
1933-03,-0.3851552,-0.5024362,-0.26787418
1933-04,-0.2847052,-0.426013,-0.14339744
1933-05,-0.2769364,-0.45054585,-0.10332694
1933-06,-0.32360965,-0.5103935,-0.13682581
1933-07,-0.2903949,-0.4524689,-0.1283209
1933-08,-0.15375972,-0.3546877,0.047168247
1933-09,-0.32664743,-0.48648426,-0.1668106
1933-10,-0.245828,-0.38623607,-0.10541995
1933-11,-0.40483868,-0.51923364,-0.29044378
1933-12,-0.5141726,-0.63299805,-0.3953472
1934-01,-0.3232675,-0.43162587,-0.21490909
1934-02,-0.14517304,-0.2446929,-0.045653183
1934-03,-0.43105683,-0.53994507,-0.3221686
1934-04,-0.37176275,-0.50687057,-0.23665495
1934-05,-0.14018926,-0.29952845,0.019149922
1934-06,-0.09232751,-0.28172815,0.09707313
1934-07,-0.17809097,-0.33932257,-0.016859364
1934-08,-0.11440116,-0.3252075,0.09640516
1934-09,-0.13450967,-0.29044768,0.021428343
1934-10,-0.08177011,-0.21969576,0.056155562
1934-11,0.031826723,-0.08049537,0.14414883
1934-12,-0.111320116,-0.22109868,-0.0015415589
1935-01,-0.3479727,-0.46686283,-0.22908255
1935-02,0.049721587,-0.053259328,0.15270251
1935-03,-0.21446314,-0.31988335,-0.10904295
1935-04,-0.3228377,-0.46052212,-0.18515332
1935-05,-0.31434223,-0.48563308,-0.1430514
1935-06,-0.2092866,-0.38938758,-0.029185612
1935-07,-0.14094204,-0.2998374,0.017953362
1935-08,-0.14877552,-0.34538043,0.04782942
1935-09,-0.19052882,-0.3428319,-0.03822576
1935-10,-0.055213235,-0.18450885,0.07408237
1935-11,-0.32153568,-0.42853072,-0.21454066
1935-12,-0.25653479,-0.36094525,-0.15212433
1936-01,-0.39848116,-0.50242084,-0.29454154
1936-02,-0.34311995,-0.44220352,-0.24403636
1936-03,-0.3291645,-0.4360133,-0.22231571
1936-04,-0.1883213,-0.31698588,-0.059656713
1936-05,-0.17232911,-0.33633974,-0.008318501
1936-06,-0.14899857,-0.31470138,0.016704235
1936-07,-0.06987007,-0.22382125,0.084081106
1936-08,-0.07327964,-0.27147797,0.12491867
1936-09,-0.108766146,-0.25690895,0.03937666
1936-10,-0.041382577,-0.17508227,0.092317104
1936-11,-0.054110777,-0.15767384,0.049452282
1936-12,-0.10642759,-0.21628995,0.0034347898
1937-01,-0.12685171,-0.23948237,-0.014221046
1937-02,0.066486835,-0.03919336,0.17216702
1937-03,-0.26192868,-0.37137416,-0.15248322
1937-04,-0.12121344,-0.25594696,0.013520082
1937-05,-0.091207266,-0.25534177,0.07292723
1937-06,-0.008428331,-0.18466923,0.16781256
1937-07,0.019690081,-0.13141476,0.17079492
1937-08,0.036828596,-0.15785031,0.2315075
1937-09,0.14490855,-0.010420173,0.30023727
1937-10,0.12801065,-0.011122891,0.2671442
1937-11,0.061703082,-0.050341,0.17374717
1937-12,-0.0783857,-0.19385788,0.03708647
1938-01,0.04551444,-0.05937577,0.15040465
1938-02,-0.009824214,-0.11000702,0.090358585
1938-03,-0.015279184,-0.117580466,0.087022096
1938-04,0.040003248,-0.097662814,0.1776693
1938-05,-0.095915005,-0.27070993,0.078879915
1938-06,-0.09364482,-0.26718155,0.0798919
1938-07,-0.04622565,-0.20220377,0.109752476
1938-08,-0.0028444168,-0.20122032,0.19553149
1938-09,0.01991738,-0.13494068,0.17477545
1938-10,0.16282216,0.024466746,0.30117756
1938-11,0.054737236,-0.053614,0.16308847
1938-12,-0.20567001,-0.32208806,-0.08925198
1939-01,-0.12178783,-0.22934921,-0.014226447
1939-02,-0.117604576,-0.21543846,-0.019770693
1939-03,-0.28873175,-0.393809,-0.18365449
1939-04,-0.10640295,-0.23740812,0.024602221
1939-05,-0.030052261,-0.19047539,0.13037086
1939-06,0.014760026,-0.16028467,0.18980472
1939-07,-0.037748978,-0.20127435,0.1257764
1939-08,-0.04066755,-0.25702047,0.17568538
1939-09,-0.017160367,-0.20016287,0.16584213
1939-10,-0.09934573,-0.26764223,0.06895078
1939-11,0.021302136,-0.11902354,0.16162781
1939-12,0.3338734,0.1894465,0.4783003
1940-01,-0.052654903,-0.18006791,0.0747581
1940-02,0.08632718,-0.0359212,0.20857556
1940-03,-0.035766255,-0.1625376,0.09100509
1940-04,0.14895234,-0.03446904,0.3323737
1940-05,0.050241154,-0.1418468,0.24232912
1940-06,0.044663727,-0.1491368,0.23846425
1940-07,0.1482532,-0.028301956,0.32480836
1940-08,0.09961082,-0.115770265,0.31499192
1940-09,0.13118677,-0.03203977,0.2944133
1940-10,0.09584135,-0.059646063,0.25132877
1940-11,-0.0046561854,-0.13411191,0.12479955
1940-12,0.19923063,0.06407691,0.33438435
1941-01,-0.039561044,-0.25157493,0.17245284
1941-02,0.11823883,-0.0851723,0.32164997
1941-03,-0.11652538,-0.32683513,0.09378437
1941-04,0.036228586,-0.19644476,0.26890194
1941-05,0.061234996,-0.19559853,0.3180685
1941-06,0.0596246,-0.18859485,0.30784404
1941-07,0.16075781,-0.07209745,0.39361307
1941-08,0.039676894,-0.22813907,0.30749285
1941-09,-0.14452067,-0.3784344,0.08939303
1941-10,0.21426645,-0.0057034367,0.43423632
1941-11,-0.007257905,-0.22418799,0.20967218
1941-12,0.07538845,-0.13360454,0.28438145
1942-01,0.25783694,0.05369234,0.4619815
1942-02,0.016801016,-0.18281484,0.21641687
1942-03,-0.04157948,-0.24019203,0.15703307
1942-04,-0.015153578,-0.24485064,0.21454348
1942-05,0.123790585,-0.1355438,0.38312498
1942-06,0.030325836,-0.2195993,0.28025097
1942-07,-0.059752498,-0.2964828,0.1769778
1942-08,-0.05740612,-0.3351613,0.22034906
1942-09,-0.013465349,-0.25318065,0.22624996
1942-10,-0.08694347,-0.30974555,0.13585861
1942-11,-0.057510037,-0.27184075,0.15682067
1942-12,-0.08007102,-0.2823255,0.12218347
1943-01,-0.18267335,-0.41188946,0.046542782
1943-02,-0.0306142,-0.24937415,0.18814576
1943-03,-0.1677273,-0.39681652,0.06136191
1943-04,0.022969475,-0.20856988,0.25450882
1943-05,0.035509173,-0.2314882,0.30250654
1943-06,-0.07487101,-0.33023354,0.1804915
1943-07,0.018335527,-0.22184484,0.2585159
1943-08,0.031700876,-0.24850486,0.3119066
1943-09,-0.013441508,-0.24750064,0.22061762
1943-10,0.2277136,-0.0019893488,0.45741653
1943-11,0.10388872,-0.115436934,0.32321438
1943-12,0.10626899,-0.10569841,0.31823638
1944-01,0.31816214,0.112214126,0.52411014
1944-02,0.11862034,-0.08507213,0.32231283
1944-03,0.12006746,-0.09471434,0.33484927
1944-04,0.04225582,-0.18856826,0.2730799
1944-05,0.11992569,-0.13840109,0.37825248
1944-06,0.10735916,-0.15293637,0.3676547
1944-07,0.14871696,-0.0872223,0.3846562
1944-08,0.20666182,-0.079099305,0.49242294
1944-09,0.16769068,-0.056805864,0.39218724
1944-10,0.20805594,-0.0102054365,0.42631733
1944-11,0.08847658,-0.1139502,0.29090336
1944-12,0.083269015,-0.11268965,0.27922767
1945-01,0.0950804,-0.1195792,0.30974
1945-02,0.048399482,-0.16548157,0.26228052
1945-03,0.038658116,-0.1772858,0.25460204
1945-04,0.2098529,-0.024502,0.44420782
1945-05,-0.061685726,-0.33644748,0.21307603
1945-06,-0.03652022,-0.29726994,0.22422948
1945-07,0.00042324737,-0.24768649,0.24853298
1945-08,0.2362124,-0.053284284,0.5257091
1945-09,0.1028386,-0.122961916,0.32863912
1945-10,0.094233386,-0.13283221,0.321299
1945-11,-0.010639086,-0.22343569,0.20215751
1945-12,-0.19979328,-0.40156353,0.0019769776
1946-01,0.046495292,-0.12599257,0.21898316
1946-02,-0.11574648,-0.29011154,0.05861859
1946-03,-0.1215766,-0.29311273,0.049959514
1946-04,-0.0010701618,-0.18591496,0.18377464
1946-05,-0.0827189,-0.28555265,0.12011485
1946-06,-0.27002892,-0.4794503,-0.06060755
1946-07,-0.109389625,-0.31101307,0.09223383
1946-08,-0.15412526,-0.38707858,0.07882805
1946-09,-0.09819822,-0.28867555,0.09227911
1946-10,-0.06812635,-0.24190964,0.10565692
1946-11,-0.10808773,-0.26652718,0.05035172
1946-12,-0.3432024,-0.4863654,-0.2000394
1947-01,-0.15051118,-0.29601154,-0.0050108293
1947-02,-0.1410642,-0.27542216,-0.0067062313
1947-03,-0.07618308,-0.22355251,0.07118635
1947-04,-0.054869857,-0.23009244,0.12035272
1947-05,-0.070801094,-0.27533352,0.13373134
1947-06,-0.092732966,-0.3124098,0.12694384
1947-07,-0.06481824,-0.25643027,0.12679379
1947-08,-0.11288264,-0.34558374,0.11981848
1947-09,-0.16043018,-0.35566252,0.034802165
1947-10,0.033811674,-0.14890239,0.21652573
1947-11,0.02912334,-0.12750946,0.18575613
1947-12,-0.2331089,-0.38460308,-0.08161471
1948-01,-0.018996688,-0.1565941,0.118600726
1948-02,-0.23857602,-0.37797925,-0.099172816
1948-03,-0.28302348,-0.4262124,-0.13983452
1948-04,-0.11460242,-0.28761104,0.058406193
1948-05,0.057578262,-0.1490878,0.26424435
1948-06,-0.008215971,-0.20537749,0.18894555
1948-07,-0.12959683,-0.32280955,0.0636159
1948-08,-0.047574744,-0.27386165,0.17871216
1948-09,-0.13380374,-0.31497514,0.047367666
1948-10,-0.05680375,-0.2210213,0.1074138
1948-11,-0.17333214,-0.3244153,-0.022249011
1948-12,-0.34898767,-0.49336624,-0.20460913
1949-01,-0.018577993,-0.14231192,0.10515593
1949-02,-0.24225979,-0.36020014,-0.124319434
1949-03,-0.10957825,-0.22360499,0.004448479
1949-04,-0.14671285,-0.29476917,0.0013434404
1949-05,-0.11125476,-0.29777372,0.0752642
1949-06,-0.23316567,-0.41350195,-0.052829392
1949-07,-0.18007946,-0.34748125,-0.01267766
1949-08,-0.07750365,-0.29055914,0.13555184
1949-09,-0.123270296,-0.28533342,0.03879283
1949-10,-0.08973549,-0.22897226,0.04950127
1949-11,-0.1810419,-0.30046904,-0.061614756
1949-12,-0.21244651,-0.32703057,-0.09786246
1950-01,-0.3000435,-0.41899198,-0.18109499
1950-02,-0.3700363,-0.48310205,-0.25697055
1950-03,-0.21643846,-0.33079973,-0.102077186
1950-04,-0.24361575,-0.39951792,-0.08771355
1950-05,-0.13729782,-0.3132405,0.038644843
1950-06,-0.105043374,-0.29483223,0.084745474
1950-07,-0.10670231,-0.26735002,0.05394541
1950-08,-0.15261763,-0.35921878,0.053983524
1950-09,-0.24503586,-0.4036668,-0.086404935
1950-10,-0.20104446,-0.33889845,-0.063190475
1950-11,-0.38081577,-0.49243763,-0.26919392
1950-12,-0.2607705,-0.3802368,-0.14130418
1951-01,-0.3603426,-0.45891768,-0.2617675
1951-02,-0.50937843,-0.6001587,-0.41859815
1951-03,-0.2620192,-0.35428023,-0.16975817
1951-04,-0.108077675,-0.24150316,0.025347807
1951-05,0.03226914,-0.1514531,0.21599136
1951-06,0.060181145,-0.11182762,0.23218991
1951-07,0.03866412,-0.12042866,0.1977569
1951-08,0.12133113,-0.07829491,0.32095715
1951-09,0.13226272,-0.019023193,0.28354865
1951-10,0.12436143,-0.0045943954,0.25331727
1951-11,-0.07229671,-0.17430036,0.029706946
1951-12,0.06919738,-0.032534096,0.17092887
1952-01,0.09402649,-0.008124156,0.19617714
1952-02,0.068350874,-0.028965497,0.16566724
1952-03,-0.16353905,-0.25835314,-0.068724975
1952-04,0.045588057,-0.09313568,0.18431179
1952-05,0.022243632,-0.15909421,0.20358147
1952-06,0.023484357,-0.1614921,0.20846081
1952-07,0.09006012,-0.07709257,0.25721282
1952-08,0.096942395,-0.1105835,0.30446827
1952-09,0.09621102,-0.06066274,0.25308478
1952-10,-0.016534438,-0.14808096,0.11501208
1952-11,-0.13228506,-0.23842481,-0.026145296
1952-12,-0.040293824,-0.1459292,0.065341555
1953-01,-0.009005203,-0.11308342,0.09507302
1953-02,0.09501187,0.0007980033,0.18922573
1953-03,0.01800697,-0.08324807,0.11926202
1953-04,0.22455436,0.07946404,0.36964467
1953-05,0.14901619,-0.02643255,0.32446492
1953-06,0.1404282,-0.04348267,0.32433906
1953-07,0.043144584,-0.12013697,0.20642613
1953-08,0.08707856,-0.12004952,0.29420665
1953-09,0.08630111,-0.07270259,0.24530481
1953-10,0.08342033,-0.048025105,0.21486577
1953-11,-0.0058099576,-0.11363081,0.10201089
1953-12,0.019422,-0.08567328,0.12451728
1954-01,-0.24345858,-0.33929825,-0.14761893
1954-02,-0.08907446,-0.18093093,0.0027819932
1954-03,-0.18339795,-0.27912745,-0.08766845
1954-04,-0.11477197,-0.24236795,0.012824014
1954-05,-0.17059736,-0.33720312,-0.0039916215
1954-06,-0.1296339,-0.30016065,0.040892836
1954-07,-0.19616233,-0.35168973,-0.040634945
1954-08,-0.10182279,-0.28616172,0.08251613
1954-09,-0.11330111,-0.26177186,0.035169613
1954-10,-0.011538466,-0.13309364,0.1100167
1954-11,0.11638409,0.01995511,0.21281308
1954-12,-0.16362791,-0.2633629,-0.0638929
1955-01,0.10597792,0.014951737,0.19700411
1955-02,-0.1927132,-0.2752538,-0.1101726
1955-03,-0.3963697,-0.48520017,-0.30753922
1955-04,-0.22909744,-0.35830334,-0.09989152
1955-05,-0.23882908,-0.40164378,-0.07601436
1955-06,-0.17836486,-0.34488028,-0.0118494425
1955-07,-0.20829603,-0.36318785,-0.05340421
1955-08,-0.08842416,-0.2744727,0.097624384
1955-09,-0.14314792,-0.27703187,-0.0092639625
1955-10,-0.11328784,-0.22637765,-0.0001980232
1955-11,-0.32083791,-0.4169423,-0.2247335
1955-12,-0.36432907,-0.45405668,-0.27460146
1956-01,-0.2403825,-0.3247751,-0.15598993
1956-02,-0.2824351,-0.36259255,-0.20227763
1956-03,-0.35645258,-0.43977118,-0.273134
1956-04,-0.30645928,-0.40755272,-0.20536582
1956-05,-0.33606264,-0.45112088,-0.22100437
1956-06,-0.22652255,-0.33725312,-0.11579198
1956-07,-0.2106352,-0.32375464,-0.097515784
1956-08,-0.28964865,-0.42783394,-0.15146336
1956-09,-0.2734754,-0.38730374,-0.15964706
1956-10,-0.26315844,-0.35439906,-0.17191784
1956-11,-0.21516415,-0.29393166,-0.13639663
1956-12,-0.1575909,-0.23783027,-0.077351525
1957-01,-0.22153513,-0.29409435,-0.14897591
1957-02,-0.15856387,-0.23127134,-0.0858564
1957-03,-0.1975386,-0.27344698,-0.121630214
1957-04,-0.041761864,-0.12591177,0.042388048
1957-05,0.03177997,-0.05156566,0.115125604
1957-06,0.06454678,-0.027708724,0.15680228
1957-07,-0.06267592,-0.16108057,0.035728723
1957-08,0.07285775,-0.025583688,0.17129919
1957-09,0.041351955,-0.050062116,0.13276602
1957-10,-0.0007920379,-0.07993971,0.07835563
1957-11,-0.00397586,-0.08217196,0.07422025
1957-12,0.05228784,-0.014773578,0.119349256
1958-01,0.25472188,0.18477017,0.3246736
1958-02,0.09280767,0.02011501,0.16550034
1958-03,0.0052553597,-0.06892994,0.07944066
1958-04,-0.069508456,-0.14541513,0.0063982136
1958-05,0.016476592,-0.06756154,0.100514725
1958-06,-0.15305896,-0.2407915,-0.06532643
1958-07,-0.020030653,-0.122118644,0.082057334
1958-08,-0.083085604,-0.18378095,0.017609738
1958-09,-0.11479923,-0.20449965,-0.025098816
1958-10,-0.019471264,-0.10863628,0.06969376
1958-11,-0.038575903,-0.110695235,0.033543434
1958-12,-0.08232217,-0.15505922,-0.009585136
1959-01,0.013691866,-0.057967845,0.08535158
1959-02,-0.0050839763,-0.06930816,0.059140205
1959-03,0.016677847,-0.05508606,0.08844176
1959-04,0.026267799,-0.05526906,0.107804656
1959-05,-0.03853143,-0.12668422,0.04962136
1959-06,-0.0018165166,-0.09611195,0.09247892
1959-07,-0.043648165,-0.1407121,0.05341577
1959-08,-0.041345503,-0.12845452,0.04576352
1959-09,-0.14124896,-0.22689748,-0.05560044
1959-10,-0.071337834,-0.14982772,0.007152045
1959-11,-0.18634169,-0.25757015,-0.11511324
1959-12,-0.10334121,-0.16692382,-0.039758593
1960-01,-0.11465857,-0.17818601,-0.051131118
1960-02,0.022811415,-0.038939353,0.08456218
1960-03,-0.44688362,-0.51143664,-0.3823306
1960-04,-0.26193932,-0.33308205,-0.1907966
1960-05,-0.17903735,-0.25940183,-0.09867288
1960-06,-0.1261228,-0.2180584,-0.034187194
1960-07,-0.11407162,-0.20836379,-0.019779457
1960-08,-0.0062307194,-0.09455884,0.0820974
1960-09,0.0032144422,-0.077028275,0.08345716
1960-10,-0.031158555,-0.11090458,0.048587475
1960-11,-0.21504581,-0.28288013,-0.14721149
1960-12,0.0836075,0.024021316,0.14319369
1961-01,-0.052229382,-0.10604209,0.0015833256
1961-02,0.09082819,0.03480883,0.14684755
1961-03,-0.061647724,-0.12108891,-0.0022065416
1961-04,0.06100269,-0.005988584,0.12799396
1961-05,0.067880936,-0.0045889886,0.14035086
1961-06,0.08760505,0.005416348,0.16979375
1961-07,-0.03974989,-0.124212116,0.044712335
1961-08,-0.016852155,-0.093706384,0.060002074
1961-09,-0.0302049,-0.11016715,0.04975735
1961-10,-0.06376159,-0.12409272,-0.0034304585
1961-11,-0.031068904,-0.0864477,0.024309888
1961-12,-0.25179955,-0.3073357,-0.19626337
1962-01,-0.057049707,-0.11164312,-0.0024562927
1962-02,0.012157755,-0.047518242,0.07183375
1962-03,0.018748457,-0.036765415,0.07426233
1962-04,-0.026072158,-0.095235944,0.04309163
1962-05,-0.18164511,-0.2606271,-0.102663144
1962-06,-0.056267038,-0.1399578,0.027423719
1962-07,-0.10915736,-0.2047529,-0.013561823
1962-08,-0.10973202,-0.19394721,-0.02551682
1962-09,-0.07479754,-0.14669283,-0.0029022647
1962-10,-0.038202044,-0.112969555,0.036565468
1962-11,-0.020875225,-0.07987935,0.038128905
1962-12,-0.12562062,-0.18604958,-0.06519166
1963-01,-0.121948205,-0.17286605,-0.07103036
1963-02,0.040044732,-0.013600229,0.093689695
1963-03,-0.34099978,-0.40234745,-0.27965212
1963-04,-0.17912985,-0.24301988,-0.11523982
1963-05,-0.1466549,-0.2207718,-0.072538
1963-06,-0.06680599,-0.15230548,0.018693516
1963-07,0.05953688,-0.033529285,0.15260305
1963-08,0.14581573,0.05786402,0.23376743
1963-09,0.12200318,0.039548196,0.20445816
1963-10,0.06423311,-0.006535083,0.1350013
1963-11,0.04470364,-0.017914778,0.10732206
1963-12,-0.062525906,-0.119097084,-0.005954728
1964-01,-0.19452871,-0.24590258,-0.14315486
1964-02,-0.223004,-0.27070245,-0.17530555
1964-03,-0.3828084,-0.4354938,-0.33012298
1964-04,-0.44159797,-0.49986494,-0.38333103
1964-05,-0.37418637,-0.44117934,-0.3071934
1964-06,-0.16659828,-0.23335688,-0.09983969
1964-07,-0.20062846,-0.27401683,-0.12724008
1964-08,-0.30053315,-0.36973116,-0.23133513
1964-09,-0.4045793,-0.46920264,-0.33995596
1964-10,-0.3114203,-0.3756508,-0.24718978
1964-11,-0.2988282,-0.3533131,-0.24434334
1964-12,-0.3716253,-0.41772586,-0.32552475
1965-01,-0.16228765,-0.21544793,-0.10912736
1965-02,-0.26308638,-0.31864694,-0.20752583
1965-03,-0.2597473,-0.3140581,-0.20543648
1965-04,-0.29863885,-0.36014748,-0.23713025
1965-05,-0.19200662,-0.26092476,-0.12308846
1965-06,-0.20754607,-0.2859227,-0.12916943
1965-07,-0.26655743,-0.34850556,-0.1846093
1965-08,-0.1619956,-0.2357662,-0.08822501
1965-09,-0.24531643,-0.32013673,-0.17049614
1965-10,-0.10577728,-0.16904464,-0.042509913
1965-11,-0.1437657,-0.20105892,-0.08647249
1965-12,-0.14632036,-0.19985811,-0.09278261
1966-01,-0.28320545,-0.33601388,-0.23039699
1966-02,-0.16757782,-0.22072576,-0.11442988
1966-03,-0.17084473,-0.2256224,-0.11606707
1966-04,-0.17045191,-0.22957575,-0.11132808
1966-05,-0.21859409,-0.28004304,-0.15714514
1966-06,-0.10499999,-0.18416446,-0.025835512
1966-07,0.0030392085,-0.08309536,0.08917377
1966-08,-0.10166964,-0.18408725,-0.019252032
1966-09,-0.08658218,-0.16101395,-0.012150404
1966-10,-0.23768093,-0.3007167,-0.17464516
1966-11,-0.10768294,-0.16457853,-0.050787363
1966-12,-0.14052084,-0.19718638,-0.083855316
1967-01,-0.2196016,-0.26585716,-0.17334604
1967-02,-0.32817867,-0.3819321,-0.27442524
1967-03,-0.093743384,-0.14432018,-0.04316659
1967-04,-0.13242689,-0.18680595,-0.07804783
1967-05,0.056886423,-0.00586609,0.119638935
1967-06,-0.108169004,-0.17946222,-0.036875788
1967-07,-0.067892365,-0.14901736,0.01323264
1967-08,-0.099165745,-0.17351398,-0.024817519
1967-09,-0.12451488,-0.19525743,-0.05377232
1967-10,-0.020286117,-0.0855479,0.044975664
1967-11,-0.119650505,-0.17039524,-0.06890577
1967-12,-0.1537288,-0.19917381,-0.1082838
1968-01,-0.32466495,-0.3713748,-0.27795514
1968-02,-0.26771057,-0.31694448,-0.21847661
1968-03,-0.0037276135,-0.05343101,0.045975786
1968-04,-0.18043023,-0.23411457,-0.1267459
1968-05,-0.22605889,-0.284482,-0.16763577
1968-06,-0.15176927,-0.22612664,-0.077411875
1968-07,-0.19500259,-0.27286038,-0.1171448
1968-08,-0.12997681,-0.21054135,-0.049412273
1968-09,-0.22645247,-0.29917043,-0.1537345
1968-10,0.008175721,-0.059301265,0.07565271
1968-11,-0.13496026,-0.18726788,-0.08265263
1968-12,-0.1911928,-0.24149217,-0.14089343
1969-01,-0.16237703,-0.20836867,-0.11638539
1969-02,-0.1970935,-0.24815027,-0.14603673
1969-03,-0.13277549,-0.18331003,-0.08224093
1969-04,0.04925599,-0.00079407054,0.09930605
1969-05,0.0651022,0.009071161,0.12113323
1969-06,0.0056816083,-0.06108295,0.07244617
1969-07,-0.10921872,-0.17567459,-0.042762842
1969-08,-0.07289227,-0.14569598,-8.85525e-05
1969-09,-0.013110088,-0.07264362,0.046423446
1969-10,0.00090877194,-0.06066966,0.062487204
1969-11,0.023137517,-0.028535709,0.07481074
1969-12,0.16674611,0.12138196,0.21211027
1970-01,0.014005816,-0.02496755,0.052979182
1970-02,0.06375931,0.017752796,0.10976582
1970-03,-0.088141814,-0.13351266,-0.042770978
1970-04,-0.07942116,-0.12725368,-0.03158865
1970-05,-0.14051014,-0.19896396,-0.08205632
1970-06,-0.1370101,-0.204421,-0.0695992
1970-07,-0.1120087,-0.18917607,-0.034841336
1970-08,-0.1992122,-0.27766284,-0.12076156
1970-09,-0.030715683,-0.09970784,0.03827647
1970-10,-0.06031036,-0.12693785,0.0063171284
1970-11,-0.058197107,-0.110719755,-0.005674464
1970-12,-0.1930069,-0.23651735,-0.14949644
1971-01,-0.14365958,-0.18466523,-0.10265391
1971-02,-0.27261534,-0.31656703,-0.22866367
1971-03,-0.33664554,-0.3832853,-0.29000577
1971-04,-0.23293433,-0.2835727,-0.18229595
1971-05,-0.19747424,-0.26568314,-0.12926535
1971-06,-0.2552373,-0.32123104,-0.18924357
1971-07,-0.18479517,-0.2544347,-0.11515566
1971-08,-0.1812137,-0.25926685,-0.10316055
1971-09,-0.12637776,-0.19992936,-0.05282617
1971-10,-0.15617602,-0.20850164,-0.103850394
1971-11,-0.15279908,-0.20081574,-0.104782425
1971-12,-0.23074044,-0.27251953,-0.18896136
1972-01,-0.3790429,-0.4181899,-0.33989587
1972-02,-0.27782813,-0.3207029,-0.23495333
1972-03,-0.14302953,-0.18787758,-0.098181464
1972-04,-0.12759806,-0.17795885,-0.07723727
1972-05,-0.08247454,-0.14861478,-0.016334305
1972-06,-0.03190945,-0.10028791,0.036469
1972-07,-0.092689134,-0.16979933,-0.015578941
1972-08,0.061222523,-0.019026173,0.14147122
1972-09,-0.052398738,-0.120318,0.015520524
1972-10,-0.056839254,-0.112568185,-0.0011103234
1972-11,-0.051805325,-0.09928263,-0.0043280204
1972-12,0.10889673,0.066405445,0.15138802
1973-01,0.10086998,0.059216693,0.14252327
1973-02,0.1593302,0.12091702,0.19774339
1973-03,0.11498211,0.06997595,0.15998828
1973-04,0.19915816,0.15084526,0.24747105
1973-05,0.10814759,0.044190016,0.17210516
1973-06,0.106045224,0.045468733,0.16662171
1973-07,0.01621605,-0.049754184,0.08218629
1973-08,-0.027515162,-0.10090431,0.045873985
1973-09,-0.035152175,-0.11000057,0.03969623
1973-10,0.010876736,-0.04750897,0.06926244
1973-11,-0.02516409,-0.07157979,0.021251613
1973-12,-0.12839271,-0.16965795,-0.087127484
1974-01,-0.28239965,-0.32175255,-0.24304675
1974-02,-0.44658348,-0.49164855,-0.4015184
1974-03,-0.23716222,-0.28104493,-0.19327952
1974-04,-0.20142692,-0.25053927,-0.15231454
1974-05,-0.12658533,-0.18765017,-0.065520495
1974-06,-0.11528032,-0.18392684,-0.04663381
1974-07,-0.13587229,-0.20724244,-0.06450214
1974-08,0.023082737,-0.05511237,0.10127784
1974-09,-0.09269041,-0.16663258,-0.01874824
1974-10,-0.11529485,-0.17675921,-0.053830486
1974-11,-0.12621354,-0.17617388,-0.07625319
1974-12,-0.21389249,-0.2555332,-0.17225179
1975-01,-0.09662904,-0.13978207,-0.053476006
1975-02,-0.020880992,-0.063485876,0.021723894
1975-03,-0.011129205,-0.058115203,0.035856795
1975-04,-0.05196851,-0.10094513,-0.0029918908
1975-05,0.053007238,-0.009473413,0.11548789
1975-06,-0.060783383,-0.13291909,0.011352318
1975-07,-0.10466969,-0.18719059,-0.022148784
1975-08,-0.23242185,-0.30827186,-0.15657184
1975-09,-0.139501,-0.21193255,-0.06706945
1975-10,-0.15371259,-0.22347206,-0.08395311
1975-11,-0.2635898,-0.3132174,-0.21396223
1975-12,-0.24677177,-0.29279137,-0.20075217
1976-01,-0.16959344,-0.2149243,-0.124262564
1976-02,-0.23186116,-0.27618507,-0.18753725
1976-03,-0.33692363,-0.3838516,-0.28999567
1976-04,-0.18590005,-0.24028899,-0.1315111
1976-05,-0.35880584,-0.42114106,-0.29647064
1976-06,-0.23953491,-0.30941597,-0.16965385
1976-07,-0.17275204,-0.25314432,-0.09235974
1976-08,-0.24235126,-0.3215088,-0.16319375
1976-09,-0.15114157,-0.2244576,-0.077825524
1976-10,-0.3322862,-0.3963161,-0.26825628
1976-11,-0.13943368,-0.19311805,-0.08574931
1976-12,-0.029459003,-0.08022442,0.021306412
1977-01,0.15336624,0.107959375,0.1987731
1977-02,0.10381473,0.053849846,0.15377961
1977-03,0.074755356,0.024980402,0.12453031
1977-04,0.13446577,0.080242805,0.18868874
1977-05,0.2277134,0.16327548,0.29215133
1977-06,0.20780508,0.14048275,0.2751274
1977-07,0.14251913,0.061580263,0.22345799
1977-08,0.1298329,0.04911758,0.2105482
1977-09,-0.0019903248,-0.07811894,0.07413829
1977-10,-0.01617223,-0.083238326,0.050893866
1977-11,0.12106576,0.06669167,0.17543985
1977-12,-0.04011386,-0.09081482,0.010587107
1978-01,0.0369956,-0.007185909,0.08117711
1978-02,0.073855095,0.028609658,0.11910053
1978-03,0.059286058,0.014052523,0.10451959
1978-04,0.05321851,-0.0005537098,0.10699073
1978-05,0.011515919,-0.0523025,0.07533433
1978-06,-0.055066388,-0.12396033,0.013827555
1978-07,0.016265042,-0.05862395,0.09115403
1978-08,-0.216745,-0.29560155,-0.13788848
1978-09,0.04174579,-0.036548592,0.12004017
1978-10,-0.05992818,-0.12794666,0.008090302
1978-11,0.091702186,0.041271526,0.14213285
1978-12,0.0102270255,-0.032377053,0.052831102
1979-01,0.05168113,0.014161389,0.08920087
1979-02,-0.17951804,-0.21624327,-0.14279282
1979-03,0.06694149,0.030953716,0.102929264
1979-04,0.07699991,0.0387882,0.11521162
1979-05,-0.022435691,-0.06633458,0.021463202
1979-06,0.050191678,0.0065302798,0.09385308
1979-07,0.018005783,-0.03262812,0.06863969
1979-08,0.114524774,0.053652395,0.17539716
1979-09,0.17285156,0.11173119,0.23397192
1979-10,0.14730756,0.09926775,0.19534737
1979-11,0.20778541,0.1650138,0.250557
1979-12,0.3859621,0.35165283,0.42027134
1980-01,0.25272593,0.21300736,0.2924445
1980-02,0.36070427,0.32330167,0.39810684
1980-03,0.21667257,0.17630151,0.25704363
1980-04,0.23393519,0.19394672,0.27392367
1980-05,0.24568768,0.19866505,0.2927103
1980-06,0.13180715,0.08224857,0.18136574
1980-07,0.20636386,0.15439136,0.25833637
1980-08,0.16441017,0.10678383,0.22203653
1980-09,0.123579785,0.060605038,0.18655454
1980-10,0.09704444,0.04397907,0.15010981
1980-11,0.20625898,0.15803416,0.2544838
1980-12,0.11367448,0.07168684,0.1556621
1981-01,0.4439039,0.39915738,0.48865044
1981-02,0.33654696,0.30277723,0.37031665
1981-03,0.33077416,0.29371202,0.3678363
1981-04,0.19894965,0.15788972,0.24000958
1981-05,0.14773265,0.10118328,0.19428201
1981-06,0.24469398,0.19016218,0.29922578
1981-07,0.26434666,0.2016414,0.3270519
1981-08,0.31205258,0.25005865,0.3740465
1981-09,0.1367701,0.07926537,0.19427481
1981-10,0.055293642,0.007064634,0.10352264
1981-11,0.1656687,0.12102324,0.21031417
1981-12,0.36341155,0.31722304,0.40960002
1982-01,-0.024068594,-0.07235168,0.024214491
1982-02,0.06821725,0.022386907,0.114047594
1982-03,-0.1369822,-0.18457136,-0.08939304
1982-04,0.020402614,-0.029829888,0.07063512
1982-05,0.09071935,0.032242287,0.14919642
1982-06,-0.0012548134,-0.06454099,0.062031362
1982-07,0.07584497,0.0047752773,0.14691468
1982-08,-0.045588225,-0.11802615,0.026849702
1982-09,0.016534334,-0.050160784,0.08322945
1982-10,0.04106187,-0.018483574,0.10060731
1982-11,0.029048143,-0.020967813,0.07906409
1982-12,0.27728468,0.23279169,0.32177767
1983-01,0.35842478,0.3147036,0.40214592
1983-02,0.3363557,0.29085022,0.38186112
1983-03,0.24756566,0.20511056,0.29002073
1983-04,0.17535259,0.12663814,0.22406703
1983-05,0.22204518,0.16600107,0.27808928
1983-06,0.16691585,0.10999882,0.22383288
1983-07,0.11492752,0.05616716,0.17368788
1983-08,0.28377086,0.21628153,0.3512602
1983-09,0.32571247,0.26592523,0.38549972
1983-10,0.113148436,0.05764033,0.16865654
1983-11,0.24547735,0.1965333,0.2944214
1983-12,0.0960217,0.049950812,0.14209257
1984-01,0.1576408,0.11318834,0.20209326
1984-02,0.020020127,-0.025347423,0.06538767
1984-03,0.1439819,0.093060285,0.19490351
1984-04,0.010137946,-0.03918853,0.05946442
1984-05,0.2143315,0.16248928,0.26617372
1984-06,-0.03857527,-0.10049037,0.023339827
1984-07,0.02486529,-0.037082355,0.086812936
1984-08,0.08923666,0.023951871,0.15452145
1984-09,0.12705976,0.06780901,0.18631051
1984-10,0.040902104,-0.012790164,0.094594374
1984-11,-0.057650078,-0.10458432,-0.010715831
1984-12,-0.15602852,-0.19877176,-0.1132853
1985-01,0.115555644,0.07043833,0.16067296
1985-02,-0.10418369,-0.14948316,-0.058884222
1985-03,0.04271181,-0.005147482,0.0905711
1985-04,0.0028204313,-0.042313423,0.047954284
1985-05,0.06798743,0.019966513,0.11600835
1985-06,0.121178225,0.07100556,0.1713509
1985-07,-0.02289171,-0.07350897,0.027725553
1985-08,0.1431363,0.08397767,0.20229492
1985-09,0.11767927,0.061845258,0.17351328
1985-10,0.039328292,-0.011885237,0.09054182
1985-11,0.018120654,-0.028659886,0.064901195
1985-12,0.055314235,0.014779451,0.095849015
1986-01,0.11670122,0.07163379,0.16176865
1986-02,0.3093587,0.26656458,0.35215282
1986-03,0.13820969,0.097828425,0.17859095
1986-04,0.13485679,0.092473045,0.17724055
1986-05,0.13101044,0.085899234,0.17612165
1986-06,0.039869364,-0.008415845,0.08815458
1986-07,0.042954315,-0.011079983,0.09698861
1986-08,0.08790163,0.0326548,0.14314847
1986-09,0.024142634,-0.0311676,0.07945287
1986-10,0.051004633,0.003984375,0.09802489
1986-11,0.040114276,0.0001328578,0.0800957
1986-12,0.032120056,-0.009131689,0.073371805
1987-01,0.22004543,0.17728497,0.26280588
1987-02,0.31599584,0.27342463,0.3585671
1987-03,0.1042513,0.06377445,0.14472815
1987-04,0.1889308,0.14322759,0.234634
1987-05,0.16939571,0.12276998,0.21602145
1987-06,0.26585028,0.21572925,0.31597131
1987-07,0.347692,0.30022123,0.3951628
1987-08,0.21050136,0.15359204,0.2674107
1987-09,0.26593548,0.21810848,0.31376252
1987-10,0.2695624,0.22279252,0.31633228
1987-11,0.18613103,0.14134118,0.2309209
1987-12,0.37202516,0.3352671,0.4087832
1988-01,0.4591288,0.41589716,0.5023604
1988-02,0.3330214,0.28872085,0.37732196
1988-03,0.38519627,0.34249067,0.4279019
1988-04,0.32767174,0.28327718,0.37206626
1988-05,0.31933275,0.26591238,0.37275308
1988-06,0.3303666,0.2750761,0.38565716
1988-07,0.2556859,0.20187442,0.3094974
1988-08,0.25767827,0.19392912,0.32142743
1988-09,0.25825685,0.19838016,0.31813353
1988-10,0.25470895,0.20196131,0.30745658
1988-11,0.0285716,-0.021743132,0.07888633
1988-12,0.17620139,0.12991531,0.22248746
1989-01,-0.026004888,-0.07035805,0.018348275
1989-02,0.23738526,0.19713092,0.2776396
1989-03,0.18512803,0.14266644,0.22758962
1989-04,0.1495858,0.10371123,0.19546036
1989-05,0.03825671,-0.0135714095,0.09008483
1989-06,0.09383324,0.039048985,0.14861749
1989-07,0.26380813,0.20505363,0.32256266
1989-08,0.25223345,0.185825,0.3186419
1989-09,0.29773393,0.23395298,0.36151487
1989-10,0.2600191,0.20135663,0.31868154
1989-11,0.115310386,0.06379625,0.16682453
1989-12,0.28371435,0.23685494,0.3305738
1990-01,0.2827738,0.2365644,0.32898316
1990-02,0.2788483,0.23266107,0.3250355
1990-03,0.63478655,0.58848536,0.68108773
1990-04,0.49402463,0.44746462,0.5405846
1990-05,0.4059697,0.3539513,0.4579881
1990-06,0.31542733,0.2621082,0.36874646
1990-07,0.3796524,0.32039037,0.43891442
1990-08,0.28095096,0.21359323,0.34830868
1990-09,0.22031836,0.1604603,0.28017643
1990-10,0.38645974,0.33040056,0.44251892
1990-11,0.35899168,0.30630788,0.4116755
1990-12,0.28878507,0.242646,0.33492416
1991-01,0.3034012,0.26020798,0.34659442
1991-02,0.40704578,0.35951874,0.4545728
1991-03,0.24740826,0.20353878,0.29127774
1991-04,0.43600875,0.3861236,0.4858939
1991-05,0.31398755,0.26619172,0.3617834
1991-06,0.43347692,0.38315243,0.48380142
1991-07,0.46741664,0.413612,0.5212213
1991-08,0.3620418,0.30141258,0.422671
1991-09,0.35283542,0.2949484,0.41072243
1991-10,0.2511824,0.19777472,0.3045901
1991-11,0.25364137,0.20526773,0.30201504
1991-12,0.23831233,0.19523756,0.2813871
1992-01,0.3629284,0.3227937,0.4030631
1992-02,0.34844956,0.30590826,0.39099088
1992-03,0.30922502,0.26654965,0.35190037
1992-04,0.16185245,0.11636399,0.20734091
1992-05,0.16797757,0.115565166,0.22038998
1992-06,0.15643437,0.09561315,0.21725558
1992-07,0.0053401776,-0.056622185,0.06730254
1992-08,0.03774724,-0.039666817,0.1151613
1992-09,-0.08989003,-0.16200817,-0.017771905
1992-10,-0.022682443,-0.07580567,0.030440783
1992-11,-0.03733938,-0.08598782,0.011309063
1992-12,0.0987191,0.05453799,0.1429002
1993-01,0.26102683,0.2194684,0.30258527
1993-02,0.28333458,0.23878297,0.32788616
1993-03,0.23608024,0.18892604,0.28323445
1993-04,0.19514886,0.14572294,0.24457477
1993-05,0.19561708,0.13403298,0.25720116
1993-06,0.16445984,0.09957293,0.22934674
1993-07,0.15863113,0.092051916,0.22521034
1993-08,0.08418279,0.013109553,0.15525602
1993-09,0.045521,-0.027268391,0.11831039
1993-10,0.15051647,0.09072657,0.21030635
1993-11,0.06566902,0.0128193,0.11851875
1993-12,0.14829841,0.100304715,0.19629212
1994-01,0.20031653,0.15430401,0.24632905
1994-02,0.014015382,-0.03769901,0.065729775
1994-03,0.2354704,0.19299532,0.2779455
1994-04,0.25558197,0.20292771,0.30823627
1994-05,0.20769495,0.14959227,0.26579764
1994-06,0.3143522,0.25530413,0.3734003
1994-07,0.18217762,0.11941934,0.2449359
1994-08,0.1732785,0.10758695,0.23897003
1994-09,0.2722316,0.21403906,0.3304242
1994-10,0.34696406,0.29957977,0.39434838
1994-11,0.3531186,0.30807722,0.39815998
1994-12,0.24739553,0.2037414,0.29104966
1995-01,0.4136034,0.36785018,0.45935664
1995-02,0.64013445,0.5955497,0.68471915
1995-03,0.35640875,0.3137097,0.39910775
1995-04,0.42731202,0.3801971,0.4744269
1995-05,0.26464343,0.21580112,0.31348577
1995-06,0.37844232,0.32494316,0.43194145
1995-07,0.4418498,0.38308308,0.50061655
1995-08,0.391613,0.32795027,0.45527574
1995-09,0.27957153,0.22031401,0.33882907
1995-10,0.3794013,0.33157226,0.42723033
1995-11,0.3753971,0.32783234,0.42296186
1995-12,0.17401667,0.13141939,0.21661395
1996-01,0.21639673,0.17465207,0.2581414
1996-02,0.46155682,0.42079413,0.5023195
1996-03,0.28837228,0.24666704,0.3300775
1996-04,0.2516304,0.2030821,0.30017868
1996-05,0.23714958,0.1853608,0.28893837
1996-06,0.21651417,0.16119547,0.27183288
1996-07,0.32539067,0.26913726,0.38164407
1996-08,0.35149437,0.2850047,0.41798404
1996-09,0.20457508,0.1391627,0.26998743
1996-10,0.1276655,0.074373774,0.18095724
1996-11,0.31625834,0.2680451,0.36447158
1996-12,0.32326874,0.28039074,0.3661467
1997-01,0.249036,0.20504358,0.29302844
1997-02,0.3044231,0.26189393,0.34695226
1997-03,0.39708522,0.3514998,0.44267064
1997-04,0.3775284,0.33273223,0.4223246
1997-05,0.31710884,0.26625335,0.36796433
1997-06,0.4917558,0.43785512,0.5456565
1997-07,0.3461336,0.28540587,0.40686128
1997-08,0.40574697,0.3444696,0.46702433
1997-09,0.4674913,0.4117658,0.5232167
1997-10,0.5718022,0.52652407,0.61708033
1997-11,0.61571497,0.5736569,0.65777296
1997-12,0.52387583,0.48183936,0.56591237
1998-01,0.56295884,0.51957804,0.60633963
1998-02,0.7973743,0.7537709,0.84097767
1998-03,0.5894701,0.54612184,0.6328183
1998-04,0.65089345,0.6040492,0.69773775
1998-05,0.63906676,0.59076947,0.68736404
1998-06,0.6679476,0.6111207,0.7247745
1998-07,0.6590942,0.5997908,0.7183976
1998-08,0.64562,0.57841724,0.7128227
1998-09,0.43478084,0.375726,0.49383566
1998-10,0.41109028,0.35487816,0.4673024
1998-11,0.38224158,0.33153662,0.43294653
1998-12,0.48756233,0.44476056,0.53036404
1999-01,0.38727385,0.34417185,0.4303758
1999-02,0.6039604,0.55778724,0.65013355
1999-03,0.26383874,0.22156136,0.3061161
1999-04,0.26947567,0.22510625,0.31384513
1999-05,0.24778172,0.19969419,0.29586926
1999-06,0.32476828,0.26634747,0.38318905
1999-07,0.31040752,0.25243053,0.3683845
1999-08,0.3025803,0.23762035,0.36754024
1999-09,0.27602673,0.21561834,0.33643514
1999-10,0.3069994,0.25596854,0.3580302
1999-11,0.28691778,0.23851143,0.3353241
1999-12,0.31378937,0.27177617,0.35580254
2000-01,0.1813369,0.13842325,0.22425054
2000-02,0.49915195,0.45606336,0.54224056
2000-03,0.44504285,0.4005121,0.4895736
2000-04,0.5384152,0.49182117,0.5850092
2000-05,0.30583388,0.2566925,0.35497525
2000-06,0.35022554,0.2985996,0.40185148
2000-07,0.3257623,0.26691955,0.38460505
2000-08,0.3747202,0.31097934,0.43846104
2000-09,0.3107709,0.2432111,0.37833068
2000-10,0.19478567,0.14072253,0.24884883
2000-11,0.24529685,0.19789621,0.2926975
2000-12,0.20167485,0.16030233,0.24304737
2001-01,0.3641736,0.32133043,0.40701675
2001-02,0.3918914,0.35343534,0.43034747
2001-03,0.52045214,0.4770063,0.56389797
2001-04,0.45251644,0.40852177,0.4965111
2001-05,0.48934218,0.43208975,0.5465946
2001-06,0.44591305,0.3939379,0.4978882
2001-07,0.50912946,0.45009243,0.56816655
2001-08,0.5074936,0.4429187,0.5720685
2001-09,0.49257064,0.4302663,0.554875
2001-10,0.46419922,0.41107866,0.5173198
2001-11,0.69211686,0.640878,0.7433557
2001-12,0.54156554,0.49947873,0.5836524
2002-01,0.64738756,0.6053309,0.6894443
2002-02,0.64263743,0.6011376,0.68413734
2002-03,0.7994003,0.75900465,0.83979595
2002-04,0.56820667,0.5273957,0.6090176
2002-05,0.50280696,0.44722888,0.5583851
2002-06,0.4493149,0.39931378,0.49931604
2002-07,0.5694794,0.5133726,0.6255862
2002-08,0.4984804,0.43160668,0.56535417
2002-09,0.50192404,0.44515252,0.5586955
2002-10,0.50043756,0.45524055,0.54563457
2002-11,0.49447978,0.4534451,0.5355145
2002-12,0.34704286,0.3087557,0.38533005
2003-01,0.65388346,0.6131969,0.69457006
2003-02,0.48562348,0.44587174,0.52537525
2003-03,0.4836408,0.44157827,0.5257033
2003-04,0.47277167,0.4267881,0.51875526
2003-05,0.52228177,0.47656673,0.5679968
2003-06,0.42513412,0.37852693,0.47174132
2003-07,0.48383975,0.4306339,0.5370456
2003-08,0.6121032,0.550043,0.6741635
2003-09,0.5746869,0.5124665,0.6369072
2003-10,0.6567764,0.6032622,0.71029073
2003-11,0.4990721,0.45430425,0.54384
2003-12,0.6602281,0.62040657,0.7000495
2004-01,0.5089659,0.464658,0.55327386
2004-02,0.6348689,0.5934909,0.676247
2004-03,0.5282557,0.48533165,0.5711797
2004-04,0.52279246,0.47966895,0.56591594
2004-05,0.3509264,0.29784235,0.40401047
2004-06,0.3109701,0.25695875,0.3649814
2004-07,0.2371915,0.1806139,0.2937691
2004-08,0.45830214,0.3906122,0.5259921
2004-09,0.46726716,0.40468165,0.5298527
2004-10,0.52292866,0.4737216,0.5721357
2004-11,0.65105134,0.6063923,0.6957104
2004-12,0.41492847,0.37327126,0.45658568
2005-01,0.6500714,0.6094671,0.69067574
2005-02,0.5338276,0.49320495,0.57445025
2005-03,0.6459096,0.604656,0.6871633
2005-04,0.63164985,0.5915573,0.6717424
2005-05,0.553209,0.5060686,0.6003494
2005-06,0.5688213,0.5192257,0.61841685
2005-07,0.55488116,0.5001601,0.6096023
2005-08,0.58098936,0.5232058,0.6387729
2005-09,0.6340549,0.5779788,0.690131
2005-10,0.68443674,0.6314724,0.7374011
2005-11,0.64322066,0.6014608,0.6849805
2005-12,0.6012785,0.56287456,0.6396824
2006-01,0.49990448,0.46040443,0.5394045
2006-02,0.6455558,0.60575724,0.6853544
2006-03,0.5436838,0.5041915,0.5831762
2006-04,0.48621994,0.44641003,0.5260299
2006-05,0.47178113,0.42676216,0.5168001
2006-06,0.5718819,0.52304834,0.62071544
2006-07,0.4763779,0.4250063,0.52774954
2006-08,0.6333706,0.57561433,0.6911268
2006-09,0.5499711,0.49338928,0.60655284
2006-10,0.6137472,0.5645416,0.6629527
2006-11,0.6608606,0.6207556,0.7009656
2006-12,0.7172778,0.6779405,0.7566151
2007-01,0.8930489,0.8556196,0.9304782
2007-02,0.6396716,0.5991851,0.6801581
2007-03,0.59194857,0.5498087,0.6340884
2007-04,0.7261497,0.6873898,0.7649096
2007-05,0.58012205,0.53377515,0.62646896
2007-06,0.5006901,0.4553407,0.54603946
2007-07,0.5630122,0.5168375,0.6091869
2007-08,0.5837867,0.5294786,0.63809484
2007-09,0.5083473,0.45169324,0.56500137
2007-10,0.5590799,0.511534,0.60662574
2007-11,0.5355275,0.4951343,0.57592076
2007-12,0.4190314,0.37986848,0.45819435
2008-01,0.21021165,0.17132835,0.24909496
2008-02,0.26930034,0.23020759,0.30839306
2008-03,0.6136748,0.57399446,0.6533552
2008-04,0.44805107,0.4057372,0.4903649
2008-05,0.43248922,0.386987,0.47799143
2008-06,0.38399747,0.33127362,0.43672132
2008-07,0.5340773,0.47861317,0.58954144
2008-08,0.45276764,0.38723072,0.5183046
2008-09,0.5480162,0.48638335,0.609649
2008-10,0.59095585,0.5442111,0.6377006
2008-11,0.63220257,0.5882863,0.6761188
2008-12,0.47205406,0.4311543,0.5129538
2009-01,0.590299,0.5528153,0.6277827
2009-02,0.4712784,0.4330375,0.50951934
2009-03,0.446841,0.40850708,0.48517495
2009-04,0.528052,0.48462898,0.571475
2009-05,0.5503384,0.5067513,0.5939255
2009-06,0.62348837,0.5720446,0.67493206
2009-07,0.68074554,0.6269582,0.7345329
2009-08,0.6221325,0.5652589,0.679006
2009-09,0.68177086,0.6316205,0.7319212
2009-10,0.6202137,0.5716959,0.66873145
2009-11,0.7060584,0.66337043,0.7487464
2009-12,0.6401616,0.5965878,0.6837354
2010-01,0.71060747,0.6701204,0.7510945
2010-02,0.790133,0.7487545,0.83151144
2010-03,0.8602273,0.82209665,0.898358
2010-04,0.8335469,0.7915559,0.8755379
2010-05,0.7149151,0.66884595,0.7609843
2010-06,0.6450033,0.59584945,0.69415724
2010-07,0.617418,0.56508285,0.6697532
2010-08,0.6146318,0.5553926,0.67387086
2010-09,0.5642509,0.51248723,0.6160146
2010-10,0.64213544,0.5979481,0.68632275
2010-11,0.7345654,0.6905165,0.77861434
2010-12,0.43702212,0.39815703,0.47588718
2011-01,0.45676896,0.41436887,0.49916908
2011-02,0.42912033,0.38971278,0.46852788
2011-03,0.5563974,0.51538527,0.5974095
2011-04,0.60221565,0.56289995,0.6415313
2011-05,0.4433624,0.4015715,0.48515335
2011-06,0.5482127,0.502444,0.5939814
2011-07,0.64491206,0.58925456,0.7005696
2011-08,0.6510249,0.5970996,0.70495015
2011-09,0.53794116,0.48637974,0.5895026
2011-10,0.5763366,0.53002757,0.62264574
2011-11,0.5112523,0.46869898,0.55380565
2011-12,0.4948284,0.45254993,0.5371069
2012-01,0.3695542,0.3276059,0.41150248
2012-02,0.4647088,0.41840962,0.51100796
2012-03,0.4209962,0.3828922,0.4591002
2012-04,0.6105001,0.5678241,0.653176
2012-05,0.6589486,0.6107233,0.7071739
2012-06,0.629351,0.57863194,0.6800701
2012-07,0.5677964,0.5142503,0.6213426
2012-08,0.6449439,0.5771274,0.7127604
2012-09,0.64759123,0.5868464,0.708336
2012-10,0.73216254,0.6801397,0.78418535
2012-11,0.7210487,0.6773536,0.76474386
2012-12,0.46368304,0.42318168,0.50418437
2013-01,0.6078035,0.56592506,0.649682
2013-02,0.52651656,0.4837918,0.5692413
2013-03,0.5829416,0.54192483,0.6239583
2013-04,0.5748126,0.5257573,0.6238679
2013-05,0.55688584,0.5014677,0.6123039
2013-06,0.6593197,0.6030043,0.7156351
2013-07,0.5891785,0.5326068,0.64575016
2013-08,0.6352067,0.57162017,0.6987932
2013-09,0.7221902,0.6662515,0.77812886
2013-10,0.65039635,0.597056,0.70373666
2013-11,0.7700115,0.7229114,0.8171115
2013-12,0.6076413,0.56141466,0.65386796
2014-01,0.6695645,0.6220979,0.717031
2014-02,0.49080646,0.44725457,0.5343583
2014-03,0.694528,0.648441,0.740615
2014-04,0.7363123,0.68862647,0.7839982
2014-05,0.7370879,0.68840945,0.7857663
2014-06,0.61747456,0.5643953,0.6705538
2014-07,0.58096063,0.5266251,0.6352962
2014-08,0.73377496,0.67367274,0.7938772
2014-09,0.756769,0.7046591,0.8088789
2014-10,0.7423641,0.69290525,0.7918229
2014-11,0.6300028,0.58616155,0.67384404
2014-12,0.6848146,0.64522654,0.7244026
2015-01,0.7400083,0.69822925,0.78178734
2015-02,0.7817504,0.74061215,0.8228887
2015-03,0.79528373,0.7504983,0.8400692
2015-04,0.7009158,0.6529855,0.7488461
2015-05,0.7309857,0.68393904,0.77803236
2015-06,0.7596305,0.7079085,0.81135243
2015-07,0.7145488,0.66327834,0.7658193
2015-08,0.7991504,0.7368658,0.861435
2015-09,0.82609314,0.77123094,0.88095534
2015-10,1.0153373,0.96493423,1.0657405
2015-11,0.9959859,0.9524754,1.0394965
2015-12,1.0416831,0.99845076,1.0849154
2016-01,1.0877535,1.0464498,1.1290572
2016-02,1.2235882,1.1839018,1.2632746
2016-03,1.1820778,1.1462066,1.2179489
2016-04,1.0296462,0.9872374,1.0720549
2016-05,0.8804874,0.83482504,0.9261497
2016-06,0.77708083,0.7294142,0.82474744
2016-07,0.77772677,0.72627807,0.82917553
2016-08,0.94857633,0.8921002,1.0050524
2016-09,0.8455436,0.79136264,0.8997246
2016-10,0.819029,0.77134675,0.8667112
2016-11,0.8444865,0.8038376,0.88513535
2016-12,0.7791289,0.73828083,0.81997705
2017-01,0.9519715,0.9118479,0.992095
2017-02,1.0670907,1.0290638,1.1051178
2017-03,1.0645919,1.0271796,1.1020042
2017-04,0.84599763,0.80479693,0.8871983
2017-05,0.7798254,0.73829556,0.8213552
2017-06,0.6575457,0.60950506,0.7055863
2017-07,0.80458516,0.7507668,0.85840356
2017-08,0.81099087,0.7511646,0.8708171
2017-09,0.72930163,0.6776079,0.78099537
2017-10,0.809492,0.76412696,0.8548571
2017-11,0.8058706,0.7635489,0.8481922
2017-12,0.814828,0.7754212,0.85423476
2018-01,0.7106047,0.6729177,0.74829173
2018-02,0.7957914,0.75522476,0.836358
2018-03,0.79007506,0.7507628,0.8293873
2018-04,0.8223178,0.7767505,0.86788505
2018-05,0.7131687,0.66920257,0.75713474
2018-06,0.73752576,0.68731225,0.78773934
2018-07,0.73341423,0.6772362,0.7895923
2018-08,0.73473924,0.672286,0.79719245
2018-09,0.67586756,0.6212568,0.7304783
2018-10,0.86932087,0.8213615,0.91728026
2018-11,0.74476707,0.7012972,0.788237
2018-12,0.82425606,0.7847441,0.86376804
2019-01,0.79959583,0.75716734,0.84202427
2019-02,0.8442263,0.79712707,0.8913255
2019-03,1.0757369,1.0314062,1.1200677
2019-04,0.9388049,0.8912477,0.98636216
2019-05,0.777625,0.7337694,0.82148063
2019-06,0.80911994,0.7547636,0.8634763
2019-07,0.8571952,0.79993093,0.91445947
2019-08,0.85825413,0.79831004,0.91819817
2019-09,0.8026575,0.74497795,0.860337
2019-10,0.9556284,0.9032823,1.0079745
2019-11,0.9372168,0.89044446,0.9839891
2019-12,1.03681,0.9909035,1.0827167
2020-01,1.0694565,1.0249017,1.114011
2020-02,1.1133686,1.067354,1.1593833
2020-03,1.0943997,1.0482767,1.1405227
2020-04,1.0626721,1.0151451,1.1101992
2020-05,0.90792704,0.8561946,0.9596594
2020-06,0.82513344,0.7627924,0.8874744
2020-07,0.81607646,0.7542902,0.8778627
2020-08,0.80101144,0.7415303,0.8604925
2020-09,0.86708444,0.80772024,0.9264487
2020-10,0.810693,0.76468366,0.85670245
2020-11,1.0142177,0.96593916,1.0624962
2020-12,0.6930059,0.6461473,0.73986447
2021-01,0.70088863,0.6534776,0.74829966
2021-02,0.56458944,0.51887095,0.61030793
2021-03,0.7263092,0.6786148,0.77400357
2021-04,0.76023066,0.7129204,0.8075409
2021-05,0.7064444,0.6576888,0.75519997
2021-06,0.7133101,0.6605549,0.76606536
2021-07,0.79169667,0.7267614,0.85663193
2021-08,0.7994942,0.7385604,0.860428
2021-09,0.86751384,0.8104962,0.92453146
2021-10,0.90740275,0.8540245,0.96078104
2021-11,0.8536295,0.80154914,0.90571
2021-12,0.75135726,0.7025644,0.80015016
2022-01,0.77896076,0.73171103,0.8262105
2022-02,0.7635921,0.714832,0.8123523
2022-03,0.88960093,0.84341633,0.93578553
2022-04,0.77034736,0.720202,0.8204927
2022-05,0.7613604,0.710938,0.8117828
2022-06,0.85821694,0.80509496,0.911339
2022-07,0.7783804,0.71762925,0.8391316
2022-08,0.85328203,0.79176563,0.91479844
2022-09,0.79009986,0.7337662,0.8464335
2022-10,0.9288549,0.8779317,0.9797781
2022-11,0.67461526,0.6267641,0.72246635
2022-12,0.76835287,0.72200084,0.81470495
2023-01,0.77863723,0.72963136,0.82764316
2023-02,0.8693007,0.81895775,0.9196437
2023-03,1.1246681,1.075215,1.1741213
2023-04,0.92748064,0.87642294,0.97853833
2023-05,0.8714032,0.8176654,0.925141
2023-06,1.0518163,0.99589807,1.1077347
2023-07,1.1500274,1.0892324,1.2108222
2023-08,1.1992828,1.1303678,1.2681978
2023-09,1.3521734,1.2936685,1.4106784
2023-10,1.2866082,1.2256573,1.347559
2023-11,1.3337783,1.2748832,1.3926733
2023-12,1.2585763,1.2057408,1.3114117
2024-01,1.151554,1.1032058,1.1999023
2024-02,1.2902366,1.2416096,1.3388637
2024-03,1.251485,1.1997101,1.30326
2024-04,1.2052884,1.1572673,1.2533094
2024-05,1.0745293,1.0205593,1.1284993
2024-06,1.1154083,1.0582764,1.1725402
2024-07,1.1379998,1.0766809,1.1993186
2024-08,1.2395844,1.1742324,1.3049364
2024-09,1.1449373,1.085541,1.2043335
2024-10,1.1999816,1.1400964,1.2598667
2024-11,1.2250495,1.1688378,1.2812611
2024-12,1.1335472,1.077146,1.1899483
2025-01,1.2627796,1.2116232,1.3139359
2025-02,1.1177859,1.0594122,1.1761595
